ISO-10303-21;
HEADER;
FILE_DESCRIPTION(('Open CASCADE Model'),'2;1');
FILE_NAME('Open CASCADE Shape Model','2026-09-27T09:59:44',('Author'),(
    'Open CASCADE'),'Open CASCADE STEP processor 8.0','build123d',
  'Unknown');
FILE_SCHEMA(('AUTOMOTIVE_DESIGN { 1 0 10303 214 1 1 1 1 }'));
ENDSEC;
DATA;
#1 = APPLICATION_PROTOCOL_DEFINITION('international standard',
  'automotive_design',2000,#2);
#2 = APPLICATION_CONTEXT(
  'core data for automotive mechanical design processes');
#3 = SHAPE_DEFINITION_REPRESENTATION(#4,#10);
#4 = PRODUCT_DEFINITION_SHAPE('','',#5);
#5 = PRODUCT_DEFINITION('design','',#6,#9);
#6 = PRODUCT_DEFINITION_FORMATION('','',#7);
#7 = PRODUCT('COMPOUND','COMPOUND','',(#8));
#8 = PRODUCT_CONTEXT('',#2,'mechanical');
#9 = PRODUCT_DEFINITION_CONTEXT('part definition',#2,'design');
#10 = ADVANCED_BREP_SHAPE_REPRESENTATION('',(#11,#15),#2592);
#11 = AXIS2_PLACEMENT_3D('',#12,#13,#14);
#12 = CARTESIAN_POINT('',(0.,0.,0.));
#13 = DIRECTION('',(0.,0.,1.));
#14 = DIRECTION('',(1.,0.,-0.));
#15 = MANIFOLD_SOLID_BREP('',#16);
#16 = CLOSED_SHELL('',(#17,#401,#785,#835,#997,#1047,#1101,#1193,#1383,
    #1497,#1714,#1768,#1813,#1891,#1918,#1945,#1972,#2071,#2098,#2105,
    #2155,#2204,#2251,#2283,#2310,#2317,#2344,#2351,#2360,#2408,#2458,
    #2532,#2559,#2585));
#17 = ADVANCED_FACE('',(#18),#32,.F.);
#18 = FACE_BOUND('',#19,.F.);
#19 = EDGE_LOOP('',(#20,#55,#83,#111,#139,#167,#190,#218,#246,#272,#298,
    #324,#352,#380));
#20 = ORIENTED_EDGE('',*,*,#21,.F.);
#21 = EDGE_CURVE('',#22,#24,#26,.T.);
#22 = VERTEX_POINT('',#23);
#23 = CARTESIAN_POINT('',(-38.4,-53.15,5.));
#24 = VERTEX_POINT('',#25);
#25 = CARTESIAN_POINT('',(-38.4,-20.35,5.));
#26 = SURFACE_CURVE('',#27,(#31,#43),.PCURVE_S1.);
#27 = LINE('',#28,#29);
#28 = CARTESIAN_POINT('',(-38.4,-54.35,5.));
#29 = VECTOR('',#30,1.);
#30 = DIRECTION('',(-0.,1.,0.));
#31 = PCURVE('',#32,#37);
#32 = PLANE('',#33);
#33 = AXIS2_PLACEMENT_3D('',#34,#35,#36);
#34 = CARTESIAN_POINT('',(-38.4,-54.35,0.));
#35 = DIRECTION('',(1.,0.,-0.));
#36 = DIRECTION('',(0.,0.,1.));
#37 = DEFINITIONAL_REPRESENTATION('',(#38),#42);
#38 = LINE('',#39,#40);
#39 = CARTESIAN_POINT('',(5.,0.));
#40 = VECTOR('',#41,1.);
#41 = DIRECTION('',(0.,-1.));
#42 = ( GEOMETRIC_REPRESENTATION_CONTEXT(2) 
PARAMETRIC_REPRESENTATION_CONTEXT() REPRESENTATION_CONTEXT('2D SPACE',''
  ) );
#43 = PCURVE('',#44,#49);
#44 = PLANE('',#45);
#45 = AXIS2_PLACEMENT_3D('',#46,#47,#48);
#46 = CARTESIAN_POINT('',(-38.4,-54.35,5.));
#47 = DIRECTION('',(0.,0.,1.));
#48 = DIRECTION('',(1.,0.,-0.));
#49 = DEFINITIONAL_REPRESENTATION('',(#50),#54);
#50 = LINE('',#51,#52);
#51 = CARTESIAN_POINT('',(0.,0.));
#52 = VECTOR('',#53,1.);
#53 = DIRECTION('',(0.,1.));
#54 = ( GEOMETRIC_REPRESENTATION_CONTEXT(2) 
PARAMETRIC_REPRESENTATION_CONTEXT() REPRESENTATION_CONTEXT('2D SPACE',''
  ) );
#55 = ORIENTED_EDGE('',*,*,#56,.F.);
#56 = EDGE_CURVE('',#57,#22,#59,.T.);
#57 = VERTEX_POINT('',#58);
#58 = CARTESIAN_POINT('',(-38.4,-53.15,0.));
#59 = SURFACE_CURVE('',#60,(#64,#71),.PCURVE_S1.);
#60 = LINE('',#61,#62);
#61 = CARTESIAN_POINT('',(-38.4,-53.15,0.));
#62 = VECTOR('',#63,1.);
#63 = DIRECTION('',(0.,0.,1.));
#64 = PCURVE('',#32,#65);
#65 = DEFINITIONAL_REPRESENTATION('',(#66),#70);
#66 = LINE('',#67,#68);
#67 = CARTESIAN_POINT('',(0.,-1.2));
#68 = VECTOR('',#69,1.);
#69 = DIRECTION('',(1.,0.));
#70 = ( GEOMETRIC_REPRESENTATION_CONTEXT(2) 
PARAMETRIC_REPRESENTATION_CONTEXT() REPRESENTATION_CONTEXT('2D SPACE',''
  ) );
#71 = PCURVE('',#72,#77);
#72 = CYLINDRICAL_SURFACE('',#73,1.2);
#73 = AXIS2_PLACEMENT_3D('',#74,#75,#76);
#74 = CARTESIAN_POINT('',(-37.2,-53.15,0.));
#75 = DIRECTION('',(0.,0.,1.));
#76 = DIRECTION('',(-1.,-0.,0.));
#77 = DEFINITIONAL_REPRESENTATION('',(#78),#82);
#78 = LINE('',#79,#80);
#79 = CARTESIAN_POINT('',(0.,0.));
#80 = VECTOR('',#81,1.);
#81 = DIRECTION('',(0.,1.));
#82 = ( GEOMETRIC_REPRESENTATION_CONTEXT(2) 
PARAMETRIC_REPRESENTATION_CONTEXT() REPRESENTATION_CONTEXT('2D SPACE',''
  ) );
#83 = ORIENTED_EDGE('',*,*,#84,.T.);
#84 = EDGE_CURVE('',#57,#85,#87,.T.);
#85 = VERTEX_POINT('',#86);
#86 = CARTESIAN_POINT('',(-38.4,23.15,0.));
#87 = SURFACE_CURVE('',#88,(#92,#99),.PCURVE_S1.);
#88 = LINE('',#89,#90);
#89 = CARTESIAN_POINT('',(-38.4,-54.35,0.));
#90 = VECTOR('',#91,1.);
#91 = DIRECTION('',(-0.,1.,0.));
#92 = PCURVE('',#32,#93);
#93 = DEFINITIONAL_REPRESENTATION('',(#94),#98);
#94 = LINE('',#95,#96);
#95 = CARTESIAN_POINT('',(0.,0.));
#96 = VECTOR('',#97,1.);
#97 = DIRECTION('',(0.,-1.));
#98 = ( GEOMETRIC_REPRESENTATION_CONTEXT(2) 
PARAMETRIC_REPRESENTATION_CONTEXT() REPRESENTATION_CONTEXT('2D SPACE',''
  ) );
#99 = PCURVE('',#100,#105);
#100 = PLANE('',#101);
#101 = AXIS2_PLACEMENT_3D('',#102,#103,#104);
#102 = CARTESIAN_POINT('',(-38.4,-54.35,0.));
#103 = DIRECTION('',(0.,0.,1.));
#104 = DIRECTION('',(1.,0.,-0.));
#105 = DEFINITIONAL_REPRESENTATION('',(#106),#110);
#106 = LINE('',#107,#108);
#107 = CARTESIAN_POINT('',(0.,0.));
#108 = VECTOR('',#109,1.);
#109 = DIRECTION('',(0.,1.));
#110 = ( GEOMETRIC_REPRESENTATION_CONTEXT(2) 
PARAMETRIC_REPRESENTATION_CONTEXT() REPRESENTATION_CONTEXT('2D SPACE',''
  ) );
#111 = ORIENTED_EDGE('',*,*,#112,.T.);
#112 = EDGE_CURVE('',#85,#113,#115,.T.);
#113 = VERTEX_POINT('',#114);
#114 = CARTESIAN_POINT('',(-38.4,23.15,5.));
#115 = SURFACE_CURVE('',#116,(#120,#127),.PCURVE_S1.);
#116 = LINE('',#117,#118);
#117 = CARTESIAN_POINT('',(-38.4,23.15,0.));
#118 = VECTOR('',#119,1.);
#119 = DIRECTION('',(0.,0.,1.));
#120 = PCURVE('',#32,#121);
#121 = DEFINITIONAL_REPRESENTATION('',(#122),#126);
#122 = LINE('',#123,#124);
#123 = CARTESIAN_POINT('',(0.,-77.5));
#124 = VECTOR('',#125,1.);
#125 = DIRECTION('',(1.,0.));
#126 = ( GEOMETRIC_REPRESENTATION_CONTEXT(2) 
PARAMETRIC_REPRESENTATION_CONTEXT() REPRESENTATION_CONTEXT('2D SPACE',''
  ) );
#127 = PCURVE('',#128,#133);
#128 = CYLINDRICAL_SURFACE('',#129,1.2);
#129 = AXIS2_PLACEMENT_3D('',#130,#131,#132);
#130 = CARTESIAN_POINT('',(-37.2,23.15,0.));
#131 = DIRECTION('',(0.,0.,1.));
#132 = DIRECTION('',(-1.,-0.,0.));
#133 = DEFINITIONAL_REPRESENTATION('',(#134),#138);
#134 = LINE('',#135,#136);
#135 = CARTESIAN_POINT('',(-0.,0.));
#136 = VECTOR('',#137,1.);
#137 = DIRECTION('',(-0.,1.));
#138 = ( GEOMETRIC_REPRESENTATION_CONTEXT(2) 
PARAMETRIC_REPRESENTATION_CONTEXT() REPRESENTATION_CONTEXT('2D SPACE',''
  ) );
#139 = ORIENTED_EDGE('',*,*,#140,.F.);
#140 = EDGE_CURVE('',#141,#113,#143,.T.);
#141 = VERTEX_POINT('',#142);
#142 = CARTESIAN_POINT('',(-38.4,20.35,5.));
#143 = SURFACE_CURVE('',#144,(#148,#155),.PCURVE_S1.);
#144 = LINE('',#145,#146);
#145 = CARTESIAN_POINT('',(-38.4,-54.35,5.));
#146 = VECTOR('',#147,1.);
#147 = DIRECTION('',(-0.,1.,0.));
#148 = PCURVE('',#32,#149);
#149 = DEFINITIONAL_REPRESENTATION('',(#150),#154);
#150 = LINE('',#151,#152);
#151 = CARTESIAN_POINT('',(5.,0.));
#152 = VECTOR('',#153,1.);
#153 = DIRECTION('',(0.,-1.));
#154 = ( GEOMETRIC_REPRESENTATION_CONTEXT(2) 
PARAMETRIC_REPRESENTATION_CONTEXT() REPRESENTATION_CONTEXT('2D SPACE',''
  ) );
#155 = PCURVE('',#156,#161);
#156 = PLANE('',#157);
#157 = AXIS2_PLACEMENT_3D('',#158,#159,#160);
#158 = CARTESIAN_POINT('',(-38.4,-54.35,5.));
#159 = DIRECTION('',(0.,0.,1.));
#160 = DIRECTION('',(1.,0.,-0.));
#161 = DEFINITIONAL_REPRESENTATION('',(#162),#166);
#162 = LINE('',#163,#164);
#163 = CARTESIAN_POINT('',(0.,0.));
#164 = VECTOR('',#165,1.);
#165 = DIRECTION('',(0.,1.));
#166 = ( GEOMETRIC_REPRESENTATION_CONTEXT(2) 
PARAMETRIC_REPRESENTATION_CONTEXT() REPRESENTATION_CONTEXT('2D SPACE',''
  ) );
#167 = ORIENTED_EDGE('',*,*,#168,.T.);
#168 = EDGE_CURVE('',#141,#169,#171,.T.);
#169 = VERTEX_POINT('',#170);
#170 = CARTESIAN_POINT('',(-38.4,19.15,5.));
#171 = SURFACE_CURVE('',#172,(#176,#183),.PCURVE_S1.);
#172 = LINE('',#173,#174);
#173 = CARTESIAN_POINT('',(-38.4,-54.35,5.));
#174 = VECTOR('',#175,1.);
#175 = DIRECTION('',(0.,-1.,0.));
#176 = PCURVE('',#32,#177);
#177 = DEFINITIONAL_REPRESENTATION('',(#178),#182);
#178 = LINE('',#179,#180);
#179 = CARTESIAN_POINT('',(5.,0.));
#180 = VECTOR('',#181,1.);
#181 = DIRECTION('',(0.,1.));
#182 = ( GEOMETRIC_REPRESENTATION_CONTEXT(2) 
PARAMETRIC_REPRESENTATION_CONTEXT() REPRESENTATION_CONTEXT('2D SPACE',''
  ) );
#183 = PCURVE('',#156,#184);
#184 = DEFINITIONAL_REPRESENTATION('',(#185),#189);
#185 = LINE('',#186,#187);
#186 = CARTESIAN_POINT('',(0.,0.));
#187 = VECTOR('',#188,1.);
#188 = DIRECTION('',(0.,-1.));
#189 = ( GEOMETRIC_REPRESENTATION_CONTEXT(2) 
PARAMETRIC_REPRESENTATION_CONTEXT() REPRESENTATION_CONTEXT('2D SPACE',''
  ) );
#190 = ORIENTED_EDGE('',*,*,#191,.T.);
#191 = EDGE_CURVE('',#169,#192,#194,.T.);
#192 = VERTEX_POINT('',#193);
#193 = CARTESIAN_POINT('',(-38.4,19.15,17.));
#194 = SURFACE_CURVE('',#195,(#199,#206),.PCURVE_S1.);
#195 = LINE('',#196,#197);
#196 = CARTESIAN_POINT('',(-38.4,19.15,5.));
#197 = VECTOR('',#198,1.);
#198 = DIRECTION('',(0.,0.,1.));
#199 = PCURVE('',#32,#200);
#200 = DEFINITIONAL_REPRESENTATION('',(#201),#205);
#201 = LINE('',#202,#203);
#202 = CARTESIAN_POINT('',(5.,-73.5));
#203 = VECTOR('',#204,1.);
#204 = DIRECTION('',(1.,0.));
#205 = ( GEOMETRIC_REPRESENTATION_CONTEXT(2) 
PARAMETRIC_REPRESENTATION_CONTEXT() REPRESENTATION_CONTEXT('2D SPACE',''
  ) );
#206 = PCURVE('',#207,#212);
#207 = CYLINDRICAL_SURFACE('',#208,1.2);
#208 = AXIS2_PLACEMENT_3D('',#209,#210,#211);
#209 = CARTESIAN_POINT('',(-37.2,19.15,5.));
#210 = DIRECTION('',(0.,0.,1.));
#211 = DIRECTION('',(-1.,-0.,0.));
#212 = DEFINITIONAL_REPRESENTATION('',(#213),#217);
#213 = LINE('',#214,#215);
#214 = CARTESIAN_POINT('',(-0.,0.));
#215 = VECTOR('',#216,1.);
#216 = DIRECTION('',(-0.,1.));
#217 = ( GEOMETRIC_REPRESENTATION_CONTEXT(2) 
PARAMETRIC_REPRESENTATION_CONTEXT() REPRESENTATION_CONTEXT('2D SPACE',''
  ) );
#218 = ORIENTED_EDGE('',*,*,#219,.F.);
#219 = EDGE_CURVE('',#220,#192,#222,.T.);
#220 = VERTEX_POINT('',#221);
#221 = CARTESIAN_POINT('',(-38.4,12.176721264573,17.));
#222 = SURFACE_CURVE('',#223,(#227,#234),.PCURVE_S1.);
#223 = LINE('',#224,#225);
#224 = CARTESIAN_POINT('',(-38.4,-20.35,17.));
#225 = VECTOR('',#226,1.);
#226 = DIRECTION('',(-0.,1.,0.));
#227 = PCURVE('',#32,#228);
#228 = DEFINITIONAL_REPRESENTATION('',(#229),#233);
#229 = LINE('',#230,#231);
#230 = CARTESIAN_POINT('',(17.,-34.));
#231 = VECTOR('',#232,1.);
#232 = DIRECTION('',(0.,-1.));
#233 = ( GEOMETRIC_REPRESENTATION_CONTEXT(2) 
PARAMETRIC_REPRESENTATION_CONTEXT() REPRESENTATION_CONTEXT('2D SPACE',''
  ) );
#234 = PCURVE('',#235,#240);
#235 = PLANE('',#236);
#236 = AXIS2_PLACEMENT_3D('',#237,#238,#239);
#237 = CARTESIAN_POINT('',(-38.4,-20.35,17.));
#238 = DIRECTION('',(0.,0.,1.));
#239 = DIRECTION('',(1.,0.,-0.));
#240 = DEFINITIONAL_REPRESENTATION('',(#241),#245);
#241 = LINE('',#242,#243);
#242 = CARTESIAN_POINT('',(0.,0.));
#243 = VECTOR('',#244,1.);
#244 = DIRECTION('',(0.,1.));
#245 = ( GEOMETRIC_REPRESENTATION_CONTEXT(2) 
PARAMETRIC_REPRESENTATION_CONTEXT() REPRESENTATION_CONTEXT('2D SPACE',''
  ) );
#246 = ORIENTED_EDGE('',*,*,#247,.F.);
#247 = EDGE_CURVE('',#248,#220,#250,.T.);
#248 = VERTEX_POINT('',#249);
#249 = CARTESIAN_POINT('',(-38.4,13.861035607248,10.714053297221));
#250 = SURFACE_CURVE('',#251,(#255,#261),.PCURVE_S1.);
#251 = LINE('',#252,#253);
#252 = CARTESIAN_POINT('',(-38.4,12.915655781169,14.242258840598));
#253 = VECTOR('',#254,1.);
#254 = DIRECTION('',(0.,-0.258819045103,0.965925826289));
#255 = PCURVE('',#32,#256);
#256 = DEFINITIONAL_REPRESENTATION('',(#257),#260);
#257 = B_SPLINE_CURVE_WITH_KNOTS('',1,(#258,#259),.UNSPECIFIED.,.F.,.F.,
  (2,2),(-3.652667158649,2.855023734065),.PIECEWISE_BEZIER_KNOTS.);
#258 = CARTESIAN_POINT('',(10.714053297221,-68.21103560724));
#259 = CARTESIAN_POINT('',(17.,-66.52672126457));
#260 = ( GEOMETRIC_REPRESENTATION_CONTEXT(2) 
PARAMETRIC_REPRESENTATION_CONTEXT() REPRESENTATION_CONTEXT('2D SPACE',''
  ) );
#261 = PCURVE('',#262,#267);
#262 = PLANE('',#263);
#263 = AXIS2_PLACEMENT_3D('',#264,#265,#266);
#264 = CARTESIAN_POINT('',(-39.4,13.861035607248,10.714053297221));
#265 = DIRECTION('',(0.,0.965925826289,0.258819045103));
#266 = DIRECTION('',(0.,-0.258819045103,0.965925826289));
#267 = DEFINITIONAL_REPRESENTATION('',(#268),#271);
#268 = B_SPLINE_CURVE_WITH_KNOTS('',1,(#269,#270),.UNSPECIFIED.,.F.,.F.,
  (2,2),(-3.652667158649,2.855023734065),.PIECEWISE_BEZIER_KNOTS.);
#269 = CARTESIAN_POINT('',(0.,1.));
#270 = CARTESIAN_POINT('',(6.507690892714,1.));
#271 = ( GEOMETRIC_REPRESENTATION_CONTEXT(2) 
PARAMETRIC_REPRESENTATION_CONTEXT() REPRESENTATION_CONTEXT('2D SPACE',''
  ) );
#272 = ORIENTED_EDGE('',*,*,#273,.T.);
#273 = EDGE_CURVE('',#248,#274,#276,.T.);
#274 = VERTEX_POINT('',#275);
#275 = CARTESIAN_POINT('',(-38.4,-13.86103560724,3.285946702779));
#276 = SURFACE_CURVE('',#277,(#281,#287),.PCURVE_S1.);
#277 = LINE('',#278,#279);
#278 = CARTESIAN_POINT('',(-38.4,-33.16013797754,-1.885232191988));
#279 = VECTOR('',#280,1.);
#280 = DIRECTION('',(0.,-0.965925826289,-0.258819045103));
#281 = PCURVE('',#32,#282);
#282 = DEFINITIONAL_REPRESENTATION('',(#283),#286);
#283 = B_SPLINE_CURVE_WITH_KNOTS('',1,(#284,#285),.UNSPECIFIED.,.F.,.F.,
  (2,2),(-48.67990098726,-19.97990098726),.PIECEWISE_BEZIER_KNOTS.);
#284 = CARTESIAN_POINT('',(10.714053297221,-68.21103560724));
#285 = CARTESIAN_POINT('',(3.285946702779,-40.48896439275));
#286 = ( GEOMETRIC_REPRESENTATION_CONTEXT(2) 
PARAMETRIC_REPRESENTATION_CONTEXT() REPRESENTATION_CONTEXT('2D SPACE',''
  ) );
#287 = PCURVE('',#288,#293);
#288 = PLANE('',#289);
#289 = AXIS2_PLACEMENT_3D('',#290,#291,#292);
#290 = CARTESIAN_POINT('',(-39.4,-13.86103560724,3.285946702779));
#291 = DIRECTION('',(0.,-0.258819045103,0.965925826289));
#292 = DIRECTION('',(1.,0.,0.));
#293 = DEFINITIONAL_REPRESENTATION('',(#294),#297);
#294 = B_SPLINE_CURVE_WITH_KNOTS('',1,(#295,#296),.UNSPECIFIED.,.F.,.F.,
  (2,2),(-48.67990098726,-19.97990098726),.PIECEWISE_BEZIER_KNOTS.);
#295 = CARTESIAN_POINT('',(1.,28.7));
#296 = CARTESIAN_POINT('',(1.,0.));
#297 = ( GEOMETRIC_REPRESENTATION_CONTEXT(2) 
PARAMETRIC_REPRESENTATION_CONTEXT() REPRESENTATION_CONTEXT('2D SPACE',''
  ) );
#298 = ORIENTED_EDGE('',*,*,#299,.T.);
#299 = EDGE_CURVE('',#274,#300,#302,.T.);
#300 = VERTEX_POINT('',#301);
#301 = CARTESIAN_POINT('',(-38.4,-17.53570511319,17.));
#302 = SURFACE_CURVE('',#303,(#307,#313),.PCURVE_S1.);
#303 = LINE('',#304,#305);
#304 = CARTESIAN_POINT('',(-38.4,-14.80641543332,6.814152246156));
#305 = VECTOR('',#306,1.);
#306 = DIRECTION('',(0.,-0.258819045103,0.965925826289));
#307 = PCURVE('',#32,#308);
#308 = DEFINITIONAL_REPRESENTATION('',(#309),#312);
#309 = B_SPLINE_CURVE_WITH_KNOTS('',1,(#310,#311),.UNSPECIFIED.,.F.,.F.,
  (2,2),(-3.652667158649,10.545165556838),.PIECEWISE_BEZIER_KNOTS.);
#310 = CARTESIAN_POINT('',(3.285946702779,-40.48896439275));
#311 = CARTESIAN_POINT('',(17.,-36.8142948868));
#312 = ( GEOMETRIC_REPRESENTATION_CONTEXT(2) 
PARAMETRIC_REPRESENTATION_CONTEXT() REPRESENTATION_CONTEXT('2D SPACE',''
  ) );
#313 = PCURVE('',#314,#319);
#314 = PLANE('',#315);
#315 = AXIS2_PLACEMENT_3D('',#316,#317,#318);
#316 = CARTESIAN_POINT('',(-39.4,-13.86103560724,3.285946702779));
#317 = DIRECTION('',(0.,0.965925826289,0.258819045103));
#318 = DIRECTION('',(0.,-0.258819045103,0.965925826289));
#319 = DEFINITIONAL_REPRESENTATION('',(#320),#323);
#320 = B_SPLINE_CURVE_WITH_KNOTS('',1,(#321,#322),.UNSPECIFIED.,.F.,.F.,
  (2,2),(-3.652667158649,10.545165556838),.PIECEWISE_BEZIER_KNOTS.);
#321 = CARTESIAN_POINT('',(0.,1.));
#322 = CARTESIAN_POINT('',(14.197832715487,1.));
#323 = ( GEOMETRIC_REPRESENTATION_CONTEXT(2) 
PARAMETRIC_REPRESENTATION_CONTEXT() REPRESENTATION_CONTEXT('2D SPACE',''
  ) );
#324 = ORIENTED_EDGE('',*,*,#325,.F.);
#325 = EDGE_CURVE('',#326,#300,#328,.T.);
#326 = VERTEX_POINT('',#327);
#327 = CARTESIAN_POINT('',(-38.4,-19.15,17.));
#328 = SURFACE_CURVE('',#329,(#333,#340),.PCURVE_S1.);
#329 = LINE('',#330,#331);
#330 = CARTESIAN_POINT('',(-38.4,-20.35,17.));
#331 = VECTOR('',#332,1.);
#332 = DIRECTION('',(-0.,1.,0.));
#333 = PCURVE('',#32,#334);
#334 = DEFINITIONAL_REPRESENTATION('',(#335),#339);
#335 = LINE('',#336,#337);
#336 = CARTESIAN_POINT('',(17.,-34.));
#337 = VECTOR('',#338,1.);
#338 = DIRECTION('',(0.,-1.));
#339 = ( GEOMETRIC_REPRESENTATION_CONTEXT(2) 
PARAMETRIC_REPRESENTATION_CONTEXT() REPRESENTATION_CONTEXT('2D SPACE',''
  ) );
#340 = PCURVE('',#341,#346);
#341 = PLANE('',#342);
#342 = AXIS2_PLACEMENT_3D('',#343,#344,#345);
#343 = CARTESIAN_POINT('',(-38.4,-20.35,17.));
#344 = DIRECTION('',(0.,0.,1.));
#345 = DIRECTION('',(1.,0.,-0.));
#346 = DEFINITIONAL_REPRESENTATION('',(#347),#351);
#347 = LINE('',#348,#349);
#348 = CARTESIAN_POINT('',(0.,0.));
#349 = VECTOR('',#350,1.);
#350 = DIRECTION('',(0.,1.));
#351 = ( GEOMETRIC_REPRESENTATION_CONTEXT(2) 
PARAMETRIC_REPRESENTATION_CONTEXT() REPRESENTATION_CONTEXT('2D SPACE',''
  ) );
#352 = ORIENTED_EDGE('',*,*,#353,.F.);
#353 = EDGE_CURVE('',#354,#326,#356,.T.);
#354 = VERTEX_POINT('',#355);
#355 = CARTESIAN_POINT('',(-38.4,-19.15,5.));
#356 = SURFACE_CURVE('',#357,(#361,#368),.PCURVE_S1.);
#357 = LINE('',#358,#359);
#358 = CARTESIAN_POINT('',(-38.4,-19.15,5.));
#359 = VECTOR('',#360,1.);
#360 = DIRECTION('',(0.,0.,1.));
#361 = PCURVE('',#32,#362);
#362 = DEFINITIONAL_REPRESENTATION('',(#363),#367);
#363 = LINE('',#364,#365);
#364 = CARTESIAN_POINT('',(5.,-35.2));
#365 = VECTOR('',#366,1.);
#366 = DIRECTION('',(1.,0.));
#367 = ( GEOMETRIC_REPRESENTATION_CONTEXT(2) 
PARAMETRIC_REPRESENTATION_CONTEXT() REPRESENTATION_CONTEXT('2D SPACE',''
  ) );
#368 = PCURVE('',#369,#374);
#369 = CYLINDRICAL_SURFACE('',#370,1.2);
#370 = AXIS2_PLACEMENT_3D('',#371,#372,#373);
#371 = CARTESIAN_POINT('',(-37.2,-19.15,5.));
#372 = DIRECTION('',(0.,0.,1.));
#373 = DIRECTION('',(-1.,-0.,0.));
#374 = DEFINITIONAL_REPRESENTATION('',(#375),#379);
#375 = LINE('',#376,#377);
#376 = CARTESIAN_POINT('',(0.,0.));
#377 = VECTOR('',#378,1.);
#378 = DIRECTION('',(0.,1.));
#379 = ( GEOMETRIC_REPRESENTATION_CONTEXT(2) 
PARAMETRIC_REPRESENTATION_CONTEXT() REPRESENTATION_CONTEXT('2D SPACE',''
  ) );
#380 = ORIENTED_EDGE('',*,*,#381,.F.);
#381 = EDGE_CURVE('',#24,#354,#382,.T.);
#382 = SURFACE_CURVE('',#383,(#387,#394),.PCURVE_S1.);
#383 = LINE('',#384,#385);
#384 = CARTESIAN_POINT('',(-38.4,-54.35,5.));
#385 = VECTOR('',#386,1.);
#386 = DIRECTION('',(-0.,1.,-0.));
#387 = PCURVE('',#32,#388);
#388 = DEFINITIONAL_REPRESENTATION('',(#389),#393);
#389 = LINE('',#390,#391);
#390 = CARTESIAN_POINT('',(5.,0.));
#391 = VECTOR('',#392,1.);
#392 = DIRECTION('',(0.,-1.));
#393 = ( GEOMETRIC_REPRESENTATION_CONTEXT(2) 
PARAMETRIC_REPRESENTATION_CONTEXT() REPRESENTATION_CONTEXT('2D SPACE',''
  ) );
#394 = PCURVE('',#44,#395);
#395 = DEFINITIONAL_REPRESENTATION('',(#396),#400);
#396 = LINE('',#397,#398);
#397 = CARTESIAN_POINT('',(0.,0.));
#398 = VECTOR('',#399,1.);
#399 = DIRECTION('',(0.,1.));
#400 = ( GEOMETRIC_REPRESENTATION_CONTEXT(2) 
PARAMETRIC_REPRESENTATION_CONTEXT() REPRESENTATION_CONTEXT('2D SPACE',''
  ) );
#401 = ADVANCED_FACE('',(#402),#44,.T.);
#402 = FACE_BOUND('',#403,.T.);
#403 = EDGE_LOOP('',(#404,#405,#429,#457,#486,#514,#537,#566,#594,#627,
    #655,#677,#705,#734,#762,#784));
#404 = ORIENTED_EDGE('',*,*,#21,.F.);
#405 = ORIENTED_EDGE('',*,*,#406,.T.);
#406 = EDGE_CURVE('',#22,#407,#409,.T.);
#407 = VERTEX_POINT('',#408);
#408 = CARTESIAN_POINT('',(-37.2,-54.35,5.));
#409 = SURFACE_CURVE('',#410,(#415,#422),.PCURVE_S1.);
#410 = CIRCLE('',#411,1.2);
#411 = AXIS2_PLACEMENT_3D('',#412,#413,#414);
#412 = CARTESIAN_POINT('',(-37.2,-53.15,5.));
#413 = DIRECTION('',(0.,0.,1.));
#414 = DIRECTION('',(0.,-1.,0.));
#415 = PCURVE('',#44,#416);
#416 = DEFINITIONAL_REPRESENTATION('',(#417),#421);
#417 = CIRCLE('',#418,1.2);
#418 = AXIS2_PLACEMENT_2D('',#419,#420);
#419 = CARTESIAN_POINT('',(1.2,1.2));
#420 = DIRECTION('',(0.,-1.));
#421 = ( GEOMETRIC_REPRESENTATION_CONTEXT(2) 
PARAMETRIC_REPRESENTATION_CONTEXT() REPRESENTATION_CONTEXT('2D SPACE',''
  ) );
#422 = PCURVE('',#72,#423);
#423 = DEFINITIONAL_REPRESENTATION('',(#424),#428);
#424 = LINE('',#425,#426);
#425 = CARTESIAN_POINT('',(-4.712388980385,5.));
#426 = VECTOR('',#427,1.);
#427 = DIRECTION('',(1.,0.));
#428 = ( GEOMETRIC_REPRESENTATION_CONTEXT(2) 
PARAMETRIC_REPRESENTATION_CONTEXT() REPRESENTATION_CONTEXT('2D SPACE',''
  ) );
#429 = ORIENTED_EDGE('',*,*,#430,.T.);
#430 = EDGE_CURVE('',#407,#431,#433,.T.);
#431 = VERTEX_POINT('',#432);
#432 = CARTESIAN_POINT('',(37.2,-54.35,5.));
#433 = SURFACE_CURVE('',#434,(#438,#445),.PCURVE_S1.);
#434 = LINE('',#435,#436);
#435 = CARTESIAN_POINT('',(-38.4,-54.35,5.));
#436 = VECTOR('',#437,1.);
#437 = DIRECTION('',(1.,0.,-0.));
#438 = PCURVE('',#44,#439);
#439 = DEFINITIONAL_REPRESENTATION('',(#440),#444);
#440 = LINE('',#441,#442);
#441 = CARTESIAN_POINT('',(0.,0.));
#442 = VECTOR('',#443,1.);
#443 = DIRECTION('',(1.,0.));
#444 = ( GEOMETRIC_REPRESENTATION_CONTEXT(2) 
PARAMETRIC_REPRESENTATION_CONTEXT() REPRESENTATION_CONTEXT('2D SPACE',''
  ) );
#445 = PCURVE('',#446,#451);
#446 = PLANE('',#447);
#447 = AXIS2_PLACEMENT_3D('',#448,#449,#450);
#448 = CARTESIAN_POINT('',(-38.4,-54.35,0.));
#449 = DIRECTION('',(-0.,1.,0.));
#450 = DIRECTION('',(0.,0.,1.));
#451 = DEFINITIONAL_REPRESENTATION('',(#452),#456);
#452 = LINE('',#453,#454);
#453 = CARTESIAN_POINT('',(5.,0.));
#454 = VECTOR('',#455,1.);
#455 = DIRECTION('',(0.,1.));
#456 = ( GEOMETRIC_REPRESENTATION_CONTEXT(2) 
PARAMETRIC_REPRESENTATION_CONTEXT() REPRESENTATION_CONTEXT('2D SPACE',''
  ) );
#457 = ORIENTED_EDGE('',*,*,#458,.T.);
#458 = EDGE_CURVE('',#431,#459,#461,.T.);
#459 = VERTEX_POINT('',#460);
#460 = CARTESIAN_POINT('',(38.4,-53.15,5.));
#461 = SURFACE_CURVE('',#462,(#467,#474),.PCURVE_S1.);
#462 = CIRCLE('',#463,1.2);
#463 = AXIS2_PLACEMENT_3D('',#464,#465,#466);
#464 = CARTESIAN_POINT('',(37.2,-53.15,5.));
#465 = DIRECTION('',(0.,0.,1.));
#466 = DIRECTION('',(0.,-1.,0.));
#467 = PCURVE('',#44,#468);
#468 = DEFINITIONAL_REPRESENTATION('',(#469),#473);
#469 = CIRCLE('',#470,1.2);
#470 = AXIS2_PLACEMENT_2D('',#471,#472);
#471 = CARTESIAN_POINT('',(75.6,1.2));
#472 = DIRECTION('',(0.,-1.));
#473 = ( GEOMETRIC_REPRESENTATION_CONTEXT(2) 
PARAMETRIC_REPRESENTATION_CONTEXT() REPRESENTATION_CONTEXT('2D SPACE',''
  ) );
#474 = PCURVE('',#475,#480);
#475 = CYLINDRICAL_SURFACE('',#476,1.2);
#476 = AXIS2_PLACEMENT_3D('',#477,#478,#479);
#477 = CARTESIAN_POINT('',(37.2,-53.15,0.));
#478 = DIRECTION('',(0.,0.,1.));
#479 = DIRECTION('',(0.,-1.,0.));
#480 = DEFINITIONAL_REPRESENTATION('',(#481),#485);
#481 = LINE('',#482,#483);
#482 = CARTESIAN_POINT('',(0.,5.));
#483 = VECTOR('',#484,1.);
#484 = DIRECTION('',(1.,0.));
#485 = ( GEOMETRIC_REPRESENTATION_CONTEXT(2) 
PARAMETRIC_REPRESENTATION_CONTEXT() REPRESENTATION_CONTEXT('2D SPACE',''
  ) );
#486 = ORIENTED_EDGE('',*,*,#487,.T.);
#487 = EDGE_CURVE('',#459,#488,#490,.T.);
#488 = VERTEX_POINT('',#489);
#489 = CARTESIAN_POINT('',(38.4,-20.35,5.));
#490 = SURFACE_CURVE('',#491,(#495,#502),.PCURVE_S1.);
#491 = LINE('',#492,#493);
#492 = CARTESIAN_POINT('',(38.4,-54.35,5.));
#493 = VECTOR('',#494,1.);
#494 = DIRECTION('',(-0.,1.,0.));
#495 = PCURVE('',#44,#496);
#496 = DEFINITIONAL_REPRESENTATION('',(#497),#501);
#497 = LINE('',#498,#499);
#498 = CARTESIAN_POINT('',(76.8,0.));
#499 = VECTOR('',#500,1.);
#500 = DIRECTION('',(0.,1.));
#501 = ( GEOMETRIC_REPRESENTATION_CONTEXT(2) 
PARAMETRIC_REPRESENTATION_CONTEXT() REPRESENTATION_CONTEXT('2D SPACE',''
  ) );
#502 = PCURVE('',#503,#508);
#503 = PLANE('',#504);
#504 = AXIS2_PLACEMENT_3D('',#505,#506,#507);
#505 = CARTESIAN_POINT('',(38.4,-54.35,0.));
#506 = DIRECTION('',(1.,0.,-0.));
#507 = DIRECTION('',(0.,0.,1.));
#508 = DEFINITIONAL_REPRESENTATION('',(#509),#513);
#509 = LINE('',#510,#511);
#510 = CARTESIAN_POINT('',(5.,0.));
#511 = VECTOR('',#512,1.);
#512 = DIRECTION('',(0.,-1.));
#513 = ( GEOMETRIC_REPRESENTATION_CONTEXT(2) 
PARAMETRIC_REPRESENTATION_CONTEXT() REPRESENTATION_CONTEXT('2D SPACE',''
  ) );
#514 = ORIENTED_EDGE('',*,*,#515,.T.);
#515 = EDGE_CURVE('',#488,#516,#518,.T.);
#516 = VERTEX_POINT('',#517);
#517 = CARTESIAN_POINT('',(38.4,-19.15,5.));
#518 = SURFACE_CURVE('',#519,(#523,#530),.PCURVE_S1.);
#519 = LINE('',#520,#521);
#520 = CARTESIAN_POINT('',(38.4,-54.35,5.));
#521 = VECTOR('',#522,1.);
#522 = DIRECTION('',(-0.,1.,-0.));
#523 = PCURVE('',#44,#524);
#524 = DEFINITIONAL_REPRESENTATION('',(#525),#529);
#525 = LINE('',#526,#527);
#526 = CARTESIAN_POINT('',(76.8,0.));
#527 = VECTOR('',#528,1.);
#528 = DIRECTION('',(0.,1.));
#529 = ( GEOMETRIC_REPRESENTATION_CONTEXT(2) 
PARAMETRIC_REPRESENTATION_CONTEXT() REPRESENTATION_CONTEXT('2D SPACE',''
  ) );
#530 = PCURVE('',#503,#531);
#531 = DEFINITIONAL_REPRESENTATION('',(#532),#536);
#532 = LINE('',#533,#534);
#533 = CARTESIAN_POINT('',(5.,0.));
#534 = VECTOR('',#535,1.);
#535 = DIRECTION('',(0.,-1.));
#536 = ( GEOMETRIC_REPRESENTATION_CONTEXT(2) 
PARAMETRIC_REPRESENTATION_CONTEXT() REPRESENTATION_CONTEXT('2D SPACE',''
  ) );
#537 = ORIENTED_EDGE('',*,*,#538,.F.);
#538 = EDGE_CURVE('',#539,#516,#541,.T.);
#539 = VERTEX_POINT('',#540);
#540 = CARTESIAN_POINT('',(37.2,-20.35,5.));
#541 = SURFACE_CURVE('',#542,(#547,#554),.PCURVE_S1.);
#542 = CIRCLE('',#543,1.2);
#543 = AXIS2_PLACEMENT_3D('',#544,#545,#546);
#544 = CARTESIAN_POINT('',(37.2,-19.15,5.));
#545 = DIRECTION('',(0.,0.,1.));
#546 = DIRECTION('',(0.,-1.,0.));
#547 = PCURVE('',#44,#548);
#548 = DEFINITIONAL_REPRESENTATION('',(#549),#553);
#549 = CIRCLE('',#550,1.2);
#550 = AXIS2_PLACEMENT_2D('',#551,#552);
#551 = CARTESIAN_POINT('',(75.6,35.2));
#552 = DIRECTION('',(0.,-1.));
#553 = ( GEOMETRIC_REPRESENTATION_CONTEXT(2) 
PARAMETRIC_REPRESENTATION_CONTEXT() REPRESENTATION_CONTEXT('2D SPACE',''
  ) );
#554 = PCURVE('',#555,#560);
#555 = CYLINDRICAL_SURFACE('',#556,1.2);
#556 = AXIS2_PLACEMENT_3D('',#557,#558,#559);
#557 = CARTESIAN_POINT('',(37.2,-19.15,5.));
#558 = DIRECTION('',(0.,0.,1.));
#559 = DIRECTION('',(0.,-1.,0.));
#560 = DEFINITIONAL_REPRESENTATION('',(#561),#565);
#561 = LINE('',#562,#563);
#562 = CARTESIAN_POINT('',(0.,0.));
#563 = VECTOR('',#564,1.);
#564 = DIRECTION('',(1.,0.));
#565 = ( GEOMETRIC_REPRESENTATION_CONTEXT(2) 
PARAMETRIC_REPRESENTATION_CONTEXT() REPRESENTATION_CONTEXT('2D SPACE',''
  ) );
#566 = ORIENTED_EDGE('',*,*,#567,.F.);
#567 = EDGE_CURVE('',#568,#539,#570,.T.);
#568 = VERTEX_POINT('',#569);
#569 = CARTESIAN_POINT('',(4.3,-20.35,5.));
#570 = SURFACE_CURVE('',#571,(#575,#582),.PCURVE_S1.);
#571 = LINE('',#572,#573);
#572 = CARTESIAN_POINT('',(-38.4,-20.35,5.));
#573 = VECTOR('',#574,1.);
#574 = DIRECTION('',(1.,0.,-0.));
#575 = PCURVE('',#44,#576);
#576 = DEFINITIONAL_REPRESENTATION('',(#577),#581);
#577 = LINE('',#578,#579);
#578 = CARTESIAN_POINT('',(0.,34.));
#579 = VECTOR('',#580,1.);
#580 = DIRECTION('',(1.,0.));
#581 = ( GEOMETRIC_REPRESENTATION_CONTEXT(2) 
PARAMETRIC_REPRESENTATION_CONTEXT() REPRESENTATION_CONTEXT('2D SPACE',''
  ) );
#582 = PCURVE('',#583,#588);
#583 = PLANE('',#584);
#584 = AXIS2_PLACEMENT_3D('',#585,#586,#587);
#585 = CARTESIAN_POINT('',(-38.4,-20.35,5.));
#586 = DIRECTION('',(-0.,1.,0.));
#587 = DIRECTION('',(0.,0.,1.));
#588 = DEFINITIONAL_REPRESENTATION('',(#589),#593);
#589 = LINE('',#590,#591);
#590 = CARTESIAN_POINT('',(0.,0.));
#591 = VECTOR('',#592,1.);
#592 = DIRECTION('',(0.,1.));
#593 = ( GEOMETRIC_REPRESENTATION_CONTEXT(2) 
PARAMETRIC_REPRESENTATION_CONTEXT() REPRESENTATION_CONTEXT('2D SPACE',''
  ) );
#594 = ORIENTED_EDGE('',*,*,#595,.T.);
#595 = EDGE_CURVE('',#568,#596,#598,.T.);
#596 = VERTEX_POINT('',#597);
#597 = CARTESIAN_POINT('',(3.1,-19.15,5.));
#598 = SURFACE_CURVE('',#599,(#604,#615),.PCURVE_S1.);
#599 = CIRCLE('',#600,1.2);
#600 = AXIS2_PLACEMENT_3D('',#601,#602,#603);
#601 = CARTESIAN_POINT('',(4.3,-19.15,5.));
#602 = DIRECTION('',(-0.,0.,-1.));
#603 = DIRECTION('',(0.,1.,0.));
#604 = PCURVE('',#44,#605);
#605 = DEFINITIONAL_REPRESENTATION('',(#606),#614);
#606 = ( BOUNDED_CURVE() B_SPLINE_CURVE(2,(#607,#608,#609,#610,#611,#612
,#613),.UNSPECIFIED.,.T.,.F.) B_SPLINE_CURVE_WITH_KNOTS((1,2,2,2,2,1),(
    -2.094395102393,0.,2.094395102393,4.188790204786,6.28318530718,
8.377580409573),.UNSPECIFIED.) CURVE() GEOMETRIC_REPRESENTATION_ITEM() 
RATIONAL_B_SPLINE_CURVE((1.,0.5,1.,0.5,1.,0.5,1.)) REPRESENTATION_ITEM(
  '') );
#607 = CARTESIAN_POINT('',(42.7,36.4));
#608 = CARTESIAN_POINT('',(44.778460969083,36.4));
#609 = CARTESIAN_POINT('',(43.739230484541,34.6));
#610 = CARTESIAN_POINT('',(42.7,32.8));
#611 = CARTESIAN_POINT('',(41.660769515459,34.6));
#612 = CARTESIAN_POINT('',(40.621539030917,36.4));
#613 = CARTESIAN_POINT('',(42.7,36.4));
#614 = ( GEOMETRIC_REPRESENTATION_CONTEXT(2) 
PARAMETRIC_REPRESENTATION_CONTEXT() REPRESENTATION_CONTEXT('2D SPACE',''
  ) );
#615 = PCURVE('',#616,#621);
#616 = CYLINDRICAL_SURFACE('',#617,1.2);
#617 = AXIS2_PLACEMENT_3D('',#618,#619,#620);
#618 = CARTESIAN_POINT('',(4.3,-19.15,17.));
#619 = DIRECTION('',(-0.,0.,-1.));
#620 = DIRECTION('',(0.,-1.,-0.));
#621 = DEFINITIONAL_REPRESENTATION('',(#622),#626);
#622 = LINE('',#623,#624);
#623 = CARTESIAN_POINT('',(-3.14159265359,12.));
#624 = VECTOR('',#625,1.);
#625 = DIRECTION('',(1.,0.));
#626 = ( GEOMETRIC_REPRESENTATION_CONTEXT(2) 
PARAMETRIC_REPRESENTATION_CONTEXT() REPRESENTATION_CONTEXT('2D SPACE',''
  ) );
#627 = ORIENTED_EDGE('',*,*,#628,.T.);
#628 = EDGE_CURVE('',#596,#629,#631,.T.);
#629 = VERTEX_POINT('',#630);
#630 = CARTESIAN_POINT('',(3.1,-14.32031480402,5.));
#631 = SURFACE_CURVE('',#632,(#636,#643),.PCURVE_S1.);
#632 = LINE('',#633,#634);
#633 = CARTESIAN_POINT('',(3.1,-35.7,5.));
#634 = VECTOR('',#635,1.);
#635 = DIRECTION('',(-0.,1.,0.));
#636 = PCURVE('',#44,#637);
#637 = DEFINITIONAL_REPRESENTATION('',(#638),#642);
#638 = LINE('',#639,#640);
#639 = CARTESIAN_POINT('',(41.5,18.65));
#640 = VECTOR('',#641,1.);
#641 = DIRECTION('',(0.,1.));
#642 = ( GEOMETRIC_REPRESENTATION_CONTEXT(2) 
PARAMETRIC_REPRESENTATION_CONTEXT() REPRESENTATION_CONTEXT('2D SPACE',''
  ) );
#643 = PCURVE('',#644,#649);
#644 = PLANE('',#645);
#645 = AXIS2_PLACEMENT_3D('',#646,#647,#648);
#646 = CARTESIAN_POINT('',(3.1,-35.7,5.));
#647 = DIRECTION('',(1.,0.,-0.));
#648 = DIRECTION('',(0.,0.,1.));
#649 = DEFINITIONAL_REPRESENTATION('',(#650),#654);
#650 = LINE('',#651,#652);
#651 = CARTESIAN_POINT('',(0.,0.));
#652 = VECTOR('',#653,1.);
#653 = DIRECTION('',(0.,-1.));
#654 = ( GEOMETRIC_REPRESENTATION_CONTEXT(2) 
PARAMETRIC_REPRESENTATION_CONTEXT() REPRESENTATION_CONTEXT('2D SPACE',''
  ) );
#655 = ORIENTED_EDGE('',*,*,#656,.F.);
#656 = EDGE_CURVE('',#657,#629,#659,.T.);
#657 = VERTEX_POINT('',#658);
#658 = CARTESIAN_POINT('',(-3.1,-14.32031480402,5.));
#659 = SURFACE_CURVE('',#660,(#664,#671),.PCURVE_S1.);
#660 = LINE('',#661,#662);
#661 = CARTESIAN_POINT('',(-21.25,-14.32031480402,5.));
#662 = VECTOR('',#663,1.);
#663 = DIRECTION('',(1.,0.,0.));
#664 = PCURVE('',#44,#665);
#665 = DEFINITIONAL_REPRESENTATION('',(#666),#670);
#666 = LINE('',#667,#668);
#667 = CARTESIAN_POINT('',(17.15,40.029685195978));
#668 = VECTOR('',#669,1.);
#669 = DIRECTION('',(1.,0.));
#670 = ( GEOMETRIC_REPRESENTATION_CONTEXT(2) 
PARAMETRIC_REPRESENTATION_CONTEXT() REPRESENTATION_CONTEXT('2D SPACE',''
  ) );
#671 = PCURVE('',#314,#672);
#672 = DEFINITIONAL_REPRESENTATION('',(#673),#676);
#673 = B_SPLINE_CURVE_WITH_KNOTS('',1,(#674,#675),.UNSPECIFIED.,.F.,.F.,
  (2,2),(18.15,24.35),.PIECEWISE_BEZIER_KNOTS.);
#674 = CARTESIAN_POINT('',(1.774518550566,36.3));
#675 = CARTESIAN_POINT('',(1.774518550566,42.5));
#676 = ( GEOMETRIC_REPRESENTATION_CONTEXT(2) 
PARAMETRIC_REPRESENTATION_CONTEXT() REPRESENTATION_CONTEXT('2D SPACE',''
  ) );
#677 = ORIENTED_EDGE('',*,*,#678,.F.);
#678 = EDGE_CURVE('',#679,#657,#681,.T.);
#679 = VERTEX_POINT('',#680);
#680 = CARTESIAN_POINT('',(-3.1,-19.15,5.));
#681 = SURFACE_CURVE('',#682,(#686,#693),.PCURVE_S1.);
#682 = LINE('',#683,#684);
#683 = CARTESIAN_POINT('',(-3.1,-35.7,5.));
#684 = VECTOR('',#685,1.);
#685 = DIRECTION('',(-0.,1.,0.));
#686 = PCURVE('',#44,#687);
#687 = DEFINITIONAL_REPRESENTATION('',(#688),#692);
#688 = LINE('',#689,#690);
#689 = CARTESIAN_POINT('',(35.3,18.65));
#690 = VECTOR('',#691,1.);
#691 = DIRECTION('',(0.,1.));
#692 = ( GEOMETRIC_REPRESENTATION_CONTEXT(2) 
PARAMETRIC_REPRESENTATION_CONTEXT() REPRESENTATION_CONTEXT('2D SPACE',''
  ) );
#693 = PCURVE('',#694,#699);
#694 = PLANE('',#695);
#695 = AXIS2_PLACEMENT_3D('',#696,#697,#698);
#696 = CARTESIAN_POINT('',(-3.1,-35.7,5.));
#697 = DIRECTION('',(1.,0.,-0.));
#698 = DIRECTION('',(0.,0.,1.));
#699 = DEFINITIONAL_REPRESENTATION('',(#700),#704);
#700 = LINE('',#701,#702);
#701 = CARTESIAN_POINT('',(0.,0.));
#702 = VECTOR('',#703,1.);
#703 = DIRECTION('',(0.,-1.));
#704 = ( GEOMETRIC_REPRESENTATION_CONTEXT(2) 
PARAMETRIC_REPRESENTATION_CONTEXT() REPRESENTATION_CONTEXT('2D SPACE',''
  ) );
#705 = ORIENTED_EDGE('',*,*,#706,.F.);
#706 = EDGE_CURVE('',#707,#679,#709,.T.);
#707 = VERTEX_POINT('',#708);
#708 = CARTESIAN_POINT('',(-4.3,-20.35,5.));
#709 = SURFACE_CURVE('',#710,(#715,#722),.PCURVE_S1.);
#710 = CIRCLE('',#711,1.2);
#711 = AXIS2_PLACEMENT_3D('',#712,#713,#714);
#712 = CARTESIAN_POINT('',(-4.3,-19.15,5.));
#713 = DIRECTION('',(0.,-0.,1.));
#714 = DIRECTION('',(0.,1.,0.));
#715 = PCURVE('',#44,#716);
#716 = DEFINITIONAL_REPRESENTATION('',(#717),#721);
#717 = CIRCLE('',#718,1.2);
#718 = AXIS2_PLACEMENT_2D('',#719,#720);
#719 = CARTESIAN_POINT('',(34.1,35.2));
#720 = DIRECTION('',(0.,1.));
#721 = ( GEOMETRIC_REPRESENTATION_CONTEXT(2) 
PARAMETRIC_REPRESENTATION_CONTEXT() REPRESENTATION_CONTEXT('2D SPACE',''
  ) );
#722 = PCURVE('',#723,#728);
#723 = CYLINDRICAL_SURFACE('',#724,1.2);
#724 = AXIS2_PLACEMENT_3D('',#725,#726,#727);
#725 = CARTESIAN_POINT('',(-4.3,-19.15,17.));
#726 = DIRECTION('',(-0.,0.,-1.));
#727 = DIRECTION('',(0.,-1.,-0.));
#728 = DEFINITIONAL_REPRESENTATION('',(#729),#733);
#729 = LINE('',#730,#731);
#730 = CARTESIAN_POINT('',(3.14159265359,12.));
#731 = VECTOR('',#732,1.);
#732 = DIRECTION('',(-1.,0.));
#733 = ( GEOMETRIC_REPRESENTATION_CONTEXT(2) 
PARAMETRIC_REPRESENTATION_CONTEXT() REPRESENTATION_CONTEXT('2D SPACE',''
  ) );
#734 = ORIENTED_EDGE('',*,*,#735,.F.);
#735 = EDGE_CURVE('',#736,#707,#738,.T.);
#736 = VERTEX_POINT('',#737);
#737 = CARTESIAN_POINT('',(-37.2,-20.35,5.));
#738 = SURFACE_CURVE('',#739,(#743,#750),.PCURVE_S1.);
#739 = LINE('',#740,#741);
#740 = CARTESIAN_POINT('',(-38.4,-20.35,5.));
#741 = VECTOR('',#742,1.);
#742 = DIRECTION('',(1.,0.,-0.));
#743 = PCURVE('',#44,#744);
#744 = DEFINITIONAL_REPRESENTATION('',(#745),#749);
#745 = LINE('',#746,#747);
#746 = CARTESIAN_POINT('',(0.,34.));
#747 = VECTOR('',#748,1.);
#748 = DIRECTION('',(1.,0.));
#749 = ( GEOMETRIC_REPRESENTATION_CONTEXT(2) 
PARAMETRIC_REPRESENTATION_CONTEXT() REPRESENTATION_CONTEXT('2D SPACE',''
  ) );
#750 = PCURVE('',#751,#756);
#751 = PLANE('',#752);
#752 = AXIS2_PLACEMENT_3D('',#753,#754,#755);
#753 = CARTESIAN_POINT('',(-38.4,-20.35,5.));
#754 = DIRECTION('',(-0.,1.,0.));
#755 = DIRECTION('',(0.,0.,1.));
#756 = DEFINITIONAL_REPRESENTATION('',(#757),#761);
#757 = LINE('',#758,#759);
#758 = CARTESIAN_POINT('',(0.,0.));
#759 = VECTOR('',#760,1.);
#760 = DIRECTION('',(0.,1.));
#761 = ( GEOMETRIC_REPRESENTATION_CONTEXT(2) 
PARAMETRIC_REPRESENTATION_CONTEXT() REPRESENTATION_CONTEXT('2D SPACE',''
  ) );
#762 = ORIENTED_EDGE('',*,*,#763,.F.);
#763 = EDGE_CURVE('',#354,#736,#764,.T.);
#764 = SURFACE_CURVE('',#765,(#770,#777),.PCURVE_S1.);
#765 = CIRCLE('',#766,1.2);
#766 = AXIS2_PLACEMENT_3D('',#767,#768,#769);
#767 = CARTESIAN_POINT('',(-37.2,-19.15,5.));
#768 = DIRECTION('',(0.,0.,1.));
#769 = DIRECTION('',(0.,-1.,0.));
#770 = PCURVE('',#44,#771);
#771 = DEFINITIONAL_REPRESENTATION('',(#772),#776);
#772 = CIRCLE('',#773,1.2);
#773 = AXIS2_PLACEMENT_2D('',#774,#775);
#774 = CARTESIAN_POINT('',(1.2,35.2));
#775 = DIRECTION('',(0.,-1.));
#776 = ( GEOMETRIC_REPRESENTATION_CONTEXT(2) 
PARAMETRIC_REPRESENTATION_CONTEXT() REPRESENTATION_CONTEXT('2D SPACE',''
  ) );
#777 = PCURVE('',#369,#778);
#778 = DEFINITIONAL_REPRESENTATION('',(#779),#783);
#779 = LINE('',#780,#781);
#780 = CARTESIAN_POINT('',(-4.712388980385,0.));
#781 = VECTOR('',#782,1.);
#782 = DIRECTION('',(1.,0.));
#783 = ( GEOMETRIC_REPRESENTATION_CONTEXT(2) 
PARAMETRIC_REPRESENTATION_CONTEXT() REPRESENTATION_CONTEXT('2D SPACE',''
  ) );
#784 = ORIENTED_EDGE('',*,*,#381,.F.);
#785 = ADVANCED_FACE('',(#786),#72,.T.);
#786 = FACE_BOUND('',#787,.T.);
#787 = EDGE_LOOP('',(#788,#812,#833,#834));
#788 = ORIENTED_EDGE('',*,*,#789,.T.);
#789 = EDGE_CURVE('',#57,#790,#792,.T.);
#790 = VERTEX_POINT('',#791);
#791 = CARTESIAN_POINT('',(-37.2,-54.35,0.));
#792 = SURFACE_CURVE('',#793,(#798,#805),.PCURVE_S1.);
#793 = CIRCLE('',#794,1.2);
#794 = AXIS2_PLACEMENT_3D('',#795,#796,#797);
#795 = CARTESIAN_POINT('',(-37.2,-53.15,0.));
#796 = DIRECTION('',(0.,0.,1.));
#797 = DIRECTION('',(0.,-1.,0.));
#798 = PCURVE('',#72,#799);
#799 = DEFINITIONAL_REPRESENTATION('',(#800),#804);
#800 = LINE('',#801,#802);
#801 = CARTESIAN_POINT('',(-4.712388980385,0.));
#802 = VECTOR('',#803,1.);
#803 = DIRECTION('',(1.,0.));
#804 = ( GEOMETRIC_REPRESENTATION_CONTEXT(2) 
PARAMETRIC_REPRESENTATION_CONTEXT() REPRESENTATION_CONTEXT('2D SPACE',''
  ) );
#805 = PCURVE('',#100,#806);
#806 = DEFINITIONAL_REPRESENTATION('',(#807),#811);
#807 = CIRCLE('',#808,1.2);
#808 = AXIS2_PLACEMENT_2D('',#809,#810);
#809 = CARTESIAN_POINT('',(1.2,1.2));
#810 = DIRECTION('',(0.,-1.));
#811 = ( GEOMETRIC_REPRESENTATION_CONTEXT(2) 
PARAMETRIC_REPRESENTATION_CONTEXT() REPRESENTATION_CONTEXT('2D SPACE',''
  ) );
#812 = ORIENTED_EDGE('',*,*,#813,.T.);
#813 = EDGE_CURVE('',#790,#407,#814,.T.);
#814 = SURFACE_CURVE('',#815,(#819,#826),.PCURVE_S1.);
#815 = LINE('',#816,#817);
#816 = CARTESIAN_POINT('',(-37.2,-54.35,0.));
#817 = VECTOR('',#818,1.);
#818 = DIRECTION('',(0.,0.,1.));
#819 = PCURVE('',#72,#820);
#820 = DEFINITIONAL_REPRESENTATION('',(#821),#825);
#821 = LINE('',#822,#823);
#822 = CARTESIAN_POINT('',(1.570796326795,0.));
#823 = VECTOR('',#824,1.);
#824 = DIRECTION('',(0.,1.));
#825 = ( GEOMETRIC_REPRESENTATION_CONTEXT(2) 
PARAMETRIC_REPRESENTATION_CONTEXT() REPRESENTATION_CONTEXT('2D SPACE',''
  ) );
#826 = PCURVE('',#446,#827);
#827 = DEFINITIONAL_REPRESENTATION('',(#828),#832);
#828 = LINE('',#829,#830);
#829 = CARTESIAN_POINT('',(0.,1.2));
#830 = VECTOR('',#831,1.);
#831 = DIRECTION('',(1.,0.));
#832 = ( GEOMETRIC_REPRESENTATION_CONTEXT(2) 
PARAMETRIC_REPRESENTATION_CONTEXT() REPRESENTATION_CONTEXT('2D SPACE',''
  ) );
#833 = ORIENTED_EDGE('',*,*,#406,.F.);
#834 = ORIENTED_EDGE('',*,*,#56,.F.);
#835 = ADVANCED_FACE('',(#836),#100,.F.);
#836 = FACE_BOUND('',#837,.F.);
#837 = EDGE_LOOP('',(#838,#839,#840,#863,#887,#910,#943,#971));
#838 = ORIENTED_EDGE('',*,*,#84,.F.);
#839 = ORIENTED_EDGE('',*,*,#789,.T.);
#840 = ORIENTED_EDGE('',*,*,#841,.T.);
#841 = EDGE_CURVE('',#790,#842,#844,.T.);
#842 = VERTEX_POINT('',#843);
#843 = CARTESIAN_POINT('',(37.2,-54.35,0.));
#844 = SURFACE_CURVE('',#845,(#849,#856),.PCURVE_S1.);
#845 = LINE('',#846,#847);
#846 = CARTESIAN_POINT('',(-38.4,-54.35,0.));
#847 = VECTOR('',#848,1.);
#848 = DIRECTION('',(1.,0.,-0.));
#849 = PCURVE('',#100,#850);
#850 = DEFINITIONAL_REPRESENTATION('',(#851),#855);
#851 = LINE('',#852,#853);
#852 = CARTESIAN_POINT('',(0.,0.));
#853 = VECTOR('',#854,1.);
#854 = DIRECTION('',(1.,0.));
#855 = ( GEOMETRIC_REPRESENTATION_CONTEXT(2) 
PARAMETRIC_REPRESENTATION_CONTEXT() REPRESENTATION_CONTEXT('2D SPACE',''
  ) );
#856 = PCURVE('',#446,#857);
#857 = DEFINITIONAL_REPRESENTATION('',(#858),#862);
#858 = LINE('',#859,#860);
#859 = CARTESIAN_POINT('',(0.,0.));
#860 = VECTOR('',#861,1.);
#861 = DIRECTION('',(0.,1.));
#862 = ( GEOMETRIC_REPRESENTATION_CONTEXT(2) 
PARAMETRIC_REPRESENTATION_CONTEXT() REPRESENTATION_CONTEXT('2D SPACE',''
  ) );
#863 = ORIENTED_EDGE('',*,*,#864,.T.);
#864 = EDGE_CURVE('',#842,#865,#867,.T.);
#865 = VERTEX_POINT('',#866);
#866 = CARTESIAN_POINT('',(38.4,-53.15,0.));
#867 = SURFACE_CURVE('',#868,(#873,#880),.PCURVE_S1.);
#868 = CIRCLE('',#869,1.2);
#869 = AXIS2_PLACEMENT_3D('',#870,#871,#872);
#870 = CARTESIAN_POINT('',(37.2,-53.15,0.));
#871 = DIRECTION('',(0.,0.,1.));
#872 = DIRECTION('',(0.,-1.,0.));
#873 = PCURVE('',#100,#874);
#874 = DEFINITIONAL_REPRESENTATION('',(#875),#879);
#875 = CIRCLE('',#876,1.2);
#876 = AXIS2_PLACEMENT_2D('',#877,#878);
#877 = CARTESIAN_POINT('',(75.6,1.2));
#878 = DIRECTION('',(0.,-1.));
#879 = ( GEOMETRIC_REPRESENTATION_CONTEXT(2) 
PARAMETRIC_REPRESENTATION_CONTEXT() REPRESENTATION_CONTEXT('2D SPACE',''
  ) );
#880 = PCURVE('',#475,#881);
#881 = DEFINITIONAL_REPRESENTATION('',(#882),#886);
#882 = LINE('',#883,#884);
#883 = CARTESIAN_POINT('',(0.,0.));
#884 = VECTOR('',#885,1.);
#885 = DIRECTION('',(1.,0.));
#886 = ( GEOMETRIC_REPRESENTATION_CONTEXT(2) 
PARAMETRIC_REPRESENTATION_CONTEXT() REPRESENTATION_CONTEXT('2D SPACE',''
  ) );
#887 = ORIENTED_EDGE('',*,*,#888,.T.);
#888 = EDGE_CURVE('',#865,#889,#891,.T.);
#889 = VERTEX_POINT('',#890);
#890 = CARTESIAN_POINT('',(38.4,23.15,0.));
#891 = SURFACE_CURVE('',#892,(#896,#903),.PCURVE_S1.);
#892 = LINE('',#893,#894);
#893 = CARTESIAN_POINT('',(38.4,-54.35,0.));
#894 = VECTOR('',#895,1.);
#895 = DIRECTION('',(-0.,1.,0.));
#896 = PCURVE('',#100,#897);
#897 = DEFINITIONAL_REPRESENTATION('',(#898),#902);
#898 = LINE('',#899,#900);
#899 = CARTESIAN_POINT('',(76.8,0.));
#900 = VECTOR('',#901,1.);
#901 = DIRECTION('',(0.,1.));
#902 = ( GEOMETRIC_REPRESENTATION_CONTEXT(2) 
PARAMETRIC_REPRESENTATION_CONTEXT() REPRESENTATION_CONTEXT('2D SPACE',''
  ) );
#903 = PCURVE('',#503,#904);
#904 = DEFINITIONAL_REPRESENTATION('',(#905),#909);
#905 = LINE('',#906,#907);
#906 = CARTESIAN_POINT('',(0.,0.));
#907 = VECTOR('',#908,1.);
#908 = DIRECTION('',(0.,-1.));
#909 = ( GEOMETRIC_REPRESENTATION_CONTEXT(2) 
PARAMETRIC_REPRESENTATION_CONTEXT() REPRESENTATION_CONTEXT('2D SPACE',''
  ) );
#910 = ORIENTED_EDGE('',*,*,#911,.F.);
#911 = EDGE_CURVE('',#912,#889,#914,.T.);
#912 = VERTEX_POINT('',#913);
#913 = CARTESIAN_POINT('',(37.2,24.35,0.));
#914 = SURFACE_CURVE('',#915,(#920,#931),.PCURVE_S1.);
#915 = CIRCLE('',#916,1.2);
#916 = AXIS2_PLACEMENT_3D('',#917,#918,#919);
#917 = CARTESIAN_POINT('',(37.2,23.15,0.));
#918 = DIRECTION('',(-0.,-0.,-1.));
#919 = DIRECTION('',(0.,-1.,0.));
#920 = PCURVE('',#100,#921);
#921 = DEFINITIONAL_REPRESENTATION('',(#922),#930);
#922 = ( BOUNDED_CURVE() B_SPLINE_CURVE(2,(#923,#924,#925,#926,#927,#928
,#929),.UNSPECIFIED.,.T.,.F.) B_SPLINE_CURVE_WITH_KNOTS((1,2,2,2,2,1),(
    -2.094395102393,0.,2.094395102393,4.188790204786,6.28318530718,
8.377580409573),.UNSPECIFIED.) CURVE() GEOMETRIC_REPRESENTATION_ITEM() 
RATIONAL_B_SPLINE_CURVE((1.,0.5,1.,0.5,1.,0.5,1.)) REPRESENTATION_ITEM(
  '') );
#923 = CARTESIAN_POINT('',(75.6,76.3));
#924 = CARTESIAN_POINT('',(73.521539030917,76.3));
#925 = CARTESIAN_POINT('',(74.560769515459,78.1));
#926 = CARTESIAN_POINT('',(75.6,79.9));
#927 = CARTESIAN_POINT('',(76.639230484541,78.1));
#928 = CARTESIAN_POINT('',(77.678460969083,76.3));
#929 = CARTESIAN_POINT('',(75.6,76.3));
#930 = ( GEOMETRIC_REPRESENTATION_CONTEXT(2) 
PARAMETRIC_REPRESENTATION_CONTEXT() REPRESENTATION_CONTEXT('2D SPACE',''
  ) );
#931 = PCURVE('',#932,#937);
#932 = CYLINDRICAL_SURFACE('',#933,1.2);
#933 = AXIS2_PLACEMENT_3D('',#934,#935,#936);
#934 = CARTESIAN_POINT('',(37.2,23.15,0.));
#935 = DIRECTION('',(0.,0.,1.));
#936 = DIRECTION('',(-0.,1.,0.));
#937 = DEFINITIONAL_REPRESENTATION('',(#938),#942);
#938 = LINE('',#939,#940);
#939 = CARTESIAN_POINT('',(3.14159265359,-0.));
#940 = VECTOR('',#941,1.);
#941 = DIRECTION('',(-1.,0.));
#942 = ( GEOMETRIC_REPRESENTATION_CONTEXT(2) 
PARAMETRIC_REPRESENTATION_CONTEXT() REPRESENTATION_CONTEXT('2D SPACE',''
  ) );
#943 = ORIENTED_EDGE('',*,*,#944,.F.);
#944 = EDGE_CURVE('',#945,#912,#947,.T.);
#945 = VERTEX_POINT('',#946);
#946 = CARTESIAN_POINT('',(-37.2,24.35,0.));
#947 = SURFACE_CURVE('',#948,(#952,#959),.PCURVE_S1.);
#948 = LINE('',#949,#950);
#949 = CARTESIAN_POINT('',(-38.4,24.35,0.));
#950 = VECTOR('',#951,1.);
#951 = DIRECTION('',(1.,0.,-0.));
#952 = PCURVE('',#100,#953);
#953 = DEFINITIONAL_REPRESENTATION('',(#954),#958);
#954 = LINE('',#955,#956);
#955 = CARTESIAN_POINT('',(0.,78.7));
#956 = VECTOR('',#957,1.);
#957 = DIRECTION('',(1.,0.));
#958 = ( GEOMETRIC_REPRESENTATION_CONTEXT(2) 
PARAMETRIC_REPRESENTATION_CONTEXT() REPRESENTATION_CONTEXT('2D SPACE',''
  ) );
#959 = PCURVE('',#960,#965);
#960 = PLANE('',#961);
#961 = AXIS2_PLACEMENT_3D('',#962,#963,#964);
#962 = CARTESIAN_POINT('',(-38.4,24.35,0.));
#963 = DIRECTION('',(-0.,1.,0.));
#964 = DIRECTION('',(0.,0.,1.));
#965 = DEFINITIONAL_REPRESENTATION('',(#966),#970);
#966 = LINE('',#967,#968);
#967 = CARTESIAN_POINT('',(0.,0.));
#968 = VECTOR('',#969,1.);
#969 = DIRECTION('',(0.,1.));
#970 = ( GEOMETRIC_REPRESENTATION_CONTEXT(2) 
PARAMETRIC_REPRESENTATION_CONTEXT() REPRESENTATION_CONTEXT('2D SPACE',''
  ) );
#971 = ORIENTED_EDGE('',*,*,#972,.F.);
#972 = EDGE_CURVE('',#85,#945,#973,.T.);
#973 = SURFACE_CURVE('',#974,(#979,#990),.PCURVE_S1.);
#974 = CIRCLE('',#975,1.2);
#975 = AXIS2_PLACEMENT_3D('',#976,#977,#978);
#976 = CARTESIAN_POINT('',(-37.2,23.15,0.));
#977 = DIRECTION('',(-0.,-0.,-1.));
#978 = DIRECTION('',(0.,-1.,0.));
#979 = PCURVE('',#100,#980);
#980 = DEFINITIONAL_REPRESENTATION('',(#981),#989);
#981 = ( BOUNDED_CURVE() B_SPLINE_CURVE(2,(#982,#983,#984,#985,#986,#987
,#988),.UNSPECIFIED.,.T.,.F.) B_SPLINE_CURVE_WITH_KNOTS((1,2,2,2,2,1),(
    -2.094395102393,0.,2.094395102393,4.188790204786,6.28318530718,
8.377580409573),.UNSPECIFIED.) CURVE() GEOMETRIC_REPRESENTATION_ITEM() 
RATIONAL_B_SPLINE_CURVE((1.,0.5,1.,0.5,1.,0.5,1.)) REPRESENTATION_ITEM(
  '') );
#982 = CARTESIAN_POINT('',(1.2,76.3));
#983 = CARTESIAN_POINT('',(-0.878460969083,76.3));
#984 = CARTESIAN_POINT('',(0.160769515459,78.1));
#985 = CARTESIAN_POINT('',(1.2,79.9));
#986 = CARTESIAN_POINT('',(2.239230484541,78.1));
#987 = CARTESIAN_POINT('',(3.278460969083,76.3));
#988 = CARTESIAN_POINT('',(1.2,76.3));
#989 = ( GEOMETRIC_REPRESENTATION_CONTEXT(2) 
PARAMETRIC_REPRESENTATION_CONTEXT() REPRESENTATION_CONTEXT('2D SPACE',''
  ) );
#990 = PCURVE('',#128,#991);
#991 = DEFINITIONAL_REPRESENTATION('',(#992),#996);
#992 = LINE('',#993,#994);
#993 = CARTESIAN_POINT('',(1.570796326795,-0.));
#994 = VECTOR('',#995,1.);
#995 = DIRECTION('',(-1.,0.));
#996 = ( GEOMETRIC_REPRESENTATION_CONTEXT(2) 
PARAMETRIC_REPRESENTATION_CONTEXT() REPRESENTATION_CONTEXT('2D SPACE',''
  ) );
#997 = ADVANCED_FACE('',(#998),#369,.T.);
#998 = FACE_BOUND('',#999,.T.);
#999 = EDGE_LOOP('',(#1000,#1001,#1024,#1046));
#1000 = ORIENTED_EDGE('',*,*,#763,.T.);
#1001 = ORIENTED_EDGE('',*,*,#1002,.T.);
#1002 = EDGE_CURVE('',#736,#1003,#1005,.T.);
#1003 = VERTEX_POINT('',#1004);
#1004 = CARTESIAN_POINT('',(-37.2,-20.35,17.));
#1005 = SURFACE_CURVE('',#1006,(#1010,#1017),.PCURVE_S1.);
#1006 = LINE('',#1007,#1008);
#1007 = CARTESIAN_POINT('',(-37.2,-20.35,5.));
#1008 = VECTOR('',#1009,1.);
#1009 = DIRECTION('',(0.,0.,1.));
#1010 = PCURVE('',#369,#1011);
#1011 = DEFINITIONAL_REPRESENTATION('',(#1012),#1016);
#1012 = LINE('',#1013,#1014);
#1013 = CARTESIAN_POINT('',(1.570796326795,0.));
#1014 = VECTOR('',#1015,1.);
#1015 = DIRECTION('',(0.,1.));
#1016 = ( GEOMETRIC_REPRESENTATION_CONTEXT(2) 
PARAMETRIC_REPRESENTATION_CONTEXT() REPRESENTATION_CONTEXT('2D SPACE',''
  ) );
#1017 = PCURVE('',#751,#1018);
#1018 = DEFINITIONAL_REPRESENTATION('',(#1019),#1023);
#1019 = LINE('',#1020,#1021);
#1020 = CARTESIAN_POINT('',(0.,1.2));
#1021 = VECTOR('',#1022,1.);
#1022 = DIRECTION('',(1.,0.));
#1023 = ( GEOMETRIC_REPRESENTATION_CONTEXT(2) 
PARAMETRIC_REPRESENTATION_CONTEXT() REPRESENTATION_CONTEXT('2D SPACE',''
  ) );
#1024 = ORIENTED_EDGE('',*,*,#1025,.F.);
#1025 = EDGE_CURVE('',#326,#1003,#1026,.T.);
#1026 = SURFACE_CURVE('',#1027,(#1032,#1039),.PCURVE_S1.);
#1027 = CIRCLE('',#1028,1.2);
#1028 = AXIS2_PLACEMENT_3D('',#1029,#1030,#1031);
#1029 = CARTESIAN_POINT('',(-37.2,-19.15,17.));
#1030 = DIRECTION('',(0.,0.,1.));
#1031 = DIRECTION('',(0.,-1.,0.));
#1032 = PCURVE('',#369,#1033);
#1033 = DEFINITIONAL_REPRESENTATION('',(#1034),#1038);
#1034 = LINE('',#1035,#1036);
#1035 = CARTESIAN_POINT('',(-4.712388980385,12.));
#1036 = VECTOR('',#1037,1.);
#1037 = DIRECTION('',(1.,0.));
#1038 = ( GEOMETRIC_REPRESENTATION_CONTEXT(2) 
PARAMETRIC_REPRESENTATION_CONTEXT() REPRESENTATION_CONTEXT('2D SPACE',''
  ) );
#1039 = PCURVE('',#341,#1040);
#1040 = DEFINITIONAL_REPRESENTATION('',(#1041),#1045);
#1041 = CIRCLE('',#1042,1.2);
#1042 = AXIS2_PLACEMENT_2D('',#1043,#1044);
#1043 = CARTESIAN_POINT('',(1.2,1.2));
#1044 = DIRECTION('',(0.,-1.));
#1045 = ( GEOMETRIC_REPRESENTATION_CONTEXT(2) 
PARAMETRIC_REPRESENTATION_CONTEXT() REPRESENTATION_CONTEXT('2D SPACE',''
  ) );
#1046 = ORIENTED_EDGE('',*,*,#353,.F.);
#1047 = ADVANCED_FACE('',(#1048),#128,.T.);
#1048 = FACE_BOUND('',#1049,.F.);
#1049 = EDGE_LOOP('',(#1050,#1051,#1074,#1100));
#1050 = ORIENTED_EDGE('',*,*,#972,.T.);
#1051 = ORIENTED_EDGE('',*,*,#1052,.T.);
#1052 = EDGE_CURVE('',#945,#1053,#1055,.T.);
#1053 = VERTEX_POINT('',#1054);
#1054 = CARTESIAN_POINT('',(-37.2,24.35,5.));
#1055 = SURFACE_CURVE('',#1056,(#1060,#1067),.PCURVE_S1.);
#1056 = LINE('',#1057,#1058);
#1057 = CARTESIAN_POINT('',(-37.2,24.35,0.));
#1058 = VECTOR('',#1059,1.);
#1059 = DIRECTION('',(0.,0.,1.));
#1060 = PCURVE('',#128,#1061);
#1061 = DEFINITIONAL_REPRESENTATION('',(#1062),#1066);
#1062 = LINE('',#1063,#1064);
#1063 = CARTESIAN_POINT('',(-1.570796326795,0.));
#1064 = VECTOR('',#1065,1.);
#1065 = DIRECTION('',(-0.,1.));
#1066 = ( GEOMETRIC_REPRESENTATION_CONTEXT(2) 
PARAMETRIC_REPRESENTATION_CONTEXT() REPRESENTATION_CONTEXT('2D SPACE',''
  ) );
#1067 = PCURVE('',#960,#1068);
#1068 = DEFINITIONAL_REPRESENTATION('',(#1069),#1073);
#1069 = LINE('',#1070,#1071);
#1070 = CARTESIAN_POINT('',(0.,1.2));
#1071 = VECTOR('',#1072,1.);
#1072 = DIRECTION('',(1.,0.));
#1073 = ( GEOMETRIC_REPRESENTATION_CONTEXT(2) 
PARAMETRIC_REPRESENTATION_CONTEXT() REPRESENTATION_CONTEXT('2D SPACE',''
  ) );
#1074 = ORIENTED_EDGE('',*,*,#1075,.F.);
#1075 = EDGE_CURVE('',#113,#1053,#1076,.T.);
#1076 = SURFACE_CURVE('',#1077,(#1082,#1089),.PCURVE_S1.);
#1077 = CIRCLE('',#1078,1.2);
#1078 = AXIS2_PLACEMENT_3D('',#1079,#1080,#1081);
#1079 = CARTESIAN_POINT('',(-37.2,23.15,5.));
#1080 = DIRECTION('',(-0.,-0.,-1.));
#1081 = DIRECTION('',(0.,-1.,0.));
#1082 = PCURVE('',#128,#1083);
#1083 = DEFINITIONAL_REPRESENTATION('',(#1084),#1088);
#1084 = LINE('',#1085,#1086);
#1085 = CARTESIAN_POINT('',(1.570796326795,5.));
#1086 = VECTOR('',#1087,1.);
#1087 = DIRECTION('',(-1.,0.));
#1088 = ( GEOMETRIC_REPRESENTATION_CONTEXT(2) 
PARAMETRIC_REPRESENTATION_CONTEXT() REPRESENTATION_CONTEXT('2D SPACE',''
  ) );
#1089 = PCURVE('',#156,#1090);
#1090 = DEFINITIONAL_REPRESENTATION('',(#1091),#1099);
#1091 = ( BOUNDED_CURVE() B_SPLINE_CURVE(2,(#1092,#1093,#1094,#1095,
#1096,#1097,#1098),.UNSPECIFIED.,.T.,.F.) B_SPLINE_CURVE_WITH_KNOTS((1,2
    ,2,2,2,1),(-2.094395102393,0.,2.094395102393,4.188790204786,
6.28318530718,8.377580409573),.UNSPECIFIED.) CURVE() 
GEOMETRIC_REPRESENTATION_ITEM() RATIONAL_B_SPLINE_CURVE((1.,0.5,1.,0.5,
1.,0.5,1.)) REPRESENTATION_ITEM('') );
#1092 = CARTESIAN_POINT('',(1.2,76.3));
#1093 = CARTESIAN_POINT('',(-0.878460969083,76.3));
#1094 = CARTESIAN_POINT('',(0.160769515459,78.1));
#1095 = CARTESIAN_POINT('',(1.2,79.9));
#1096 = CARTESIAN_POINT('',(2.239230484541,78.1));
#1097 = CARTESIAN_POINT('',(3.278460969083,76.3));
#1098 = CARTESIAN_POINT('',(1.2,76.3));
#1099 = ( GEOMETRIC_REPRESENTATION_CONTEXT(2) 
PARAMETRIC_REPRESENTATION_CONTEXT() REPRESENTATION_CONTEXT('2D SPACE',''
  ) );
#1100 = ORIENTED_EDGE('',*,*,#112,.F.);
#1101 = ADVANCED_FACE('',(#1102),#341,.T.);
#1102 = FACE_BOUND('',#1103,.T.);
#1103 = EDGE_LOOP('',(#1104,#1105,#1106,#1129,#1153,#1174));
#1104 = ORIENTED_EDGE('',*,*,#325,.F.);
#1105 = ORIENTED_EDGE('',*,*,#1025,.T.);
#1106 = ORIENTED_EDGE('',*,*,#1107,.T.);
#1107 = EDGE_CURVE('',#1003,#1108,#1110,.T.);
#1108 = VERTEX_POINT('',#1109);
#1109 = CARTESIAN_POINT('',(-4.3,-20.35,17.));
#1110 = SURFACE_CURVE('',#1111,(#1115,#1122),.PCURVE_S1.);
#1111 = LINE('',#1112,#1113);
#1112 = CARTESIAN_POINT('',(-38.4,-20.35,17.));
#1113 = VECTOR('',#1114,1.);
#1114 = DIRECTION('',(1.,0.,-0.));
#1115 = PCURVE('',#341,#1116);
#1116 = DEFINITIONAL_REPRESENTATION('',(#1117),#1121);
#1117 = LINE('',#1118,#1119);
#1118 = CARTESIAN_POINT('',(0.,0.));
#1119 = VECTOR('',#1120,1.);
#1120 = DIRECTION('',(1.,0.));
#1121 = ( GEOMETRIC_REPRESENTATION_CONTEXT(2) 
PARAMETRIC_REPRESENTATION_CONTEXT() REPRESENTATION_CONTEXT('2D SPACE',''
  ) );
#1122 = PCURVE('',#751,#1123);
#1123 = DEFINITIONAL_REPRESENTATION('',(#1124),#1128);
#1124 = LINE('',#1125,#1126);
#1125 = CARTESIAN_POINT('',(12.,0.));
#1126 = VECTOR('',#1127,1.);
#1127 = DIRECTION('',(0.,1.));
#1128 = ( GEOMETRIC_REPRESENTATION_CONTEXT(2) 
PARAMETRIC_REPRESENTATION_CONTEXT() REPRESENTATION_CONTEXT('2D SPACE',''
  ) );
#1129 = ORIENTED_EDGE('',*,*,#1130,.T.);
#1130 = EDGE_CURVE('',#1108,#1131,#1133,.T.);
#1131 = VERTEX_POINT('',#1132);
#1132 = CARTESIAN_POINT('',(-3.1,-19.15,17.));
#1133 = SURFACE_CURVE('',#1134,(#1139,#1146),.PCURVE_S1.);
#1134 = CIRCLE('',#1135,1.2);
#1135 = AXIS2_PLACEMENT_3D('',#1136,#1137,#1138);
#1136 = CARTESIAN_POINT('',(-4.3,-19.15,17.));
#1137 = DIRECTION('',(0.,-0.,1.));
#1138 = DIRECTION('',(0.,1.,0.));
#1139 = PCURVE('',#341,#1140);
#1140 = DEFINITIONAL_REPRESENTATION('',(#1141),#1145);
#1141 = CIRCLE('',#1142,1.2);
#1142 = AXIS2_PLACEMENT_2D('',#1143,#1144);
#1143 = CARTESIAN_POINT('',(34.1,1.2));
#1144 = DIRECTION('',(0.,1.));
#1145 = ( GEOMETRIC_REPRESENTATION_CONTEXT(2) 
PARAMETRIC_REPRESENTATION_CONTEXT() REPRESENTATION_CONTEXT('2D SPACE',''
  ) );
#1146 = PCURVE('',#723,#1147);
#1147 = DEFINITIONAL_REPRESENTATION('',(#1148),#1152);
#1148 = LINE('',#1149,#1150);
#1149 = CARTESIAN_POINT('',(3.14159265359,-0.));
#1150 = VECTOR('',#1151,1.);
#1151 = DIRECTION('',(-1.,0.));
#1152 = ( GEOMETRIC_REPRESENTATION_CONTEXT(2) 
PARAMETRIC_REPRESENTATION_CONTEXT() REPRESENTATION_CONTEXT('2D SPACE',''
  ) );
#1153 = ORIENTED_EDGE('',*,*,#1154,.T.);
#1154 = EDGE_CURVE('',#1131,#1155,#1157,.T.);
#1155 = VERTEX_POINT('',#1156);
#1156 = CARTESIAN_POINT('',(-3.1,-17.53570511319,17.));
#1157 = SURFACE_CURVE('',#1158,(#1162,#1168),.PCURVE_S1.);
#1158 = LINE('',#1159,#1160);
#1159 = CARTESIAN_POINT('',(-3.1,-28.025,17.));
#1160 = VECTOR('',#1161,1.);
#1161 = DIRECTION('',(-0.,1.,0.));
#1162 = PCURVE('',#341,#1163);
#1163 = DEFINITIONAL_REPRESENTATION('',(#1164),#1167);
#1164 = B_SPLINE_CURVE_WITH_KNOTS('',1,(#1165,#1166),.UNSPECIFIED.,.F.,
  .F.,(2,2),(7.675,10.489294886804),.PIECEWISE_BEZIER_KNOTS.);
#1165 = CARTESIAN_POINT('',(35.3,0.));
#1166 = CARTESIAN_POINT('',(35.3,2.814294886804));
#1167 = ( GEOMETRIC_REPRESENTATION_CONTEXT(2) 
PARAMETRIC_REPRESENTATION_CONTEXT() REPRESENTATION_CONTEXT('2D SPACE',''
  ) );
#1168 = PCURVE('',#694,#1169);
#1169 = DEFINITIONAL_REPRESENTATION('',(#1170),#1173);
#1170 = B_SPLINE_CURVE_WITH_KNOTS('',1,(#1171,#1172),.UNSPECIFIED.,.F.,
  .F.,(2,2),(7.675,10.489294886804),.PIECEWISE_BEZIER_KNOTS.);
#1171 = CARTESIAN_POINT('',(12.,-15.35));
#1172 = CARTESIAN_POINT('',(12.,-18.1642948868));
#1173 = ( GEOMETRIC_REPRESENTATION_CONTEXT(2) 
PARAMETRIC_REPRESENTATION_CONTEXT() REPRESENTATION_CONTEXT('2D SPACE',''
  ) );
#1174 = ORIENTED_EDGE('',*,*,#1175,.T.);
#1175 = EDGE_CURVE('',#1155,#300,#1176,.T.);
#1176 = SURFACE_CURVE('',#1177,(#1181,#1187),.PCURVE_S1.);
#1177 = LINE('',#1178,#1179);
#1178 = CARTESIAN_POINT('',(-38.9,-17.53570511319,17.));
#1179 = VECTOR('',#1180,1.);
#1180 = DIRECTION('',(-1.,0.,0.));
#1181 = PCURVE('',#341,#1182);
#1182 = DEFINITIONAL_REPRESENTATION('',(#1183),#1186);
#1183 = B_SPLINE_CURVE_WITH_KNOTS('',1,(#1184,#1185),.UNSPECIFIED.,.F.,
  .F.,(2,2),(-77.3,-0.5),.PIECEWISE_BEZIER_KNOTS.);
#1184 = CARTESIAN_POINT('',(76.8,2.814294886804));
#1185 = CARTESIAN_POINT('',(0.,2.814294886804));
#1186 = ( GEOMETRIC_REPRESENTATION_CONTEXT(2) 
PARAMETRIC_REPRESENTATION_CONTEXT() REPRESENTATION_CONTEXT('2D SPACE',''
  ) );
#1187 = PCURVE('',#314,#1188);
#1188 = DEFINITIONAL_REPRESENTATION('',(#1189),#1192);
#1189 = B_SPLINE_CURVE_WITH_KNOTS('',1,(#1190,#1191),.UNSPECIFIED.,.F.,
  .F.,(2,2),(-77.3,-0.5),.PIECEWISE_BEZIER_KNOTS.);
#1190 = CARTESIAN_POINT('',(14.197832715487,77.8));
#1191 = CARTESIAN_POINT('',(14.197832715487,1.));
#1192 = ( GEOMETRIC_REPRESENTATION_CONTEXT(2) 
PARAMETRIC_REPRESENTATION_CONTEXT() REPRESENTATION_CONTEXT('2D SPACE',''
  ) );
#1193 = ADVANCED_FACE('',(#1194),#156,.T.);
#1194 = FACE_BOUND('',#1195,.T.);
#1195 = EDGE_LOOP('',(#1196,#1197,#1198,#1226,#1254,#1287,#1310,#1333,
    #1361,#1382));
#1196 = ORIENTED_EDGE('',*,*,#140,.F.);
#1197 = ORIENTED_EDGE('',*,*,#168,.T.);
#1198 = ORIENTED_EDGE('',*,*,#1199,.T.);
#1199 = EDGE_CURVE('',#169,#1200,#1202,.T.);
#1200 = VERTEX_POINT('',#1201);
#1201 = CARTESIAN_POINT('',(-37.2,20.35,5.));
#1202 = SURFACE_CURVE('',#1203,(#1208,#1219),.PCURVE_S1.);
#1203 = CIRCLE('',#1204,1.2);
#1204 = AXIS2_PLACEMENT_3D('',#1205,#1206,#1207);
#1205 = CARTESIAN_POINT('',(-37.2,19.15,5.));
#1206 = DIRECTION('',(-0.,-0.,-1.));
#1207 = DIRECTION('',(0.,-1.,0.));
#1208 = PCURVE('',#156,#1209);
#1209 = DEFINITIONAL_REPRESENTATION('',(#1210),#1218);
#1210 = ( BOUNDED_CURVE() B_SPLINE_CURVE(2,(#1211,#1212,#1213,#1214,
#1215,#1216,#1217),.UNSPECIFIED.,.T.,.F.) B_SPLINE_CURVE_WITH_KNOTS((1,2
    ,2,2,2,1),(-2.094395102393,0.,2.094395102393,4.188790204786,
6.28318530718,8.377580409573),.UNSPECIFIED.) CURVE() 
GEOMETRIC_REPRESENTATION_ITEM() RATIONAL_B_SPLINE_CURVE((1.,0.5,1.,0.5,
1.,0.5,1.)) REPRESENTATION_ITEM('') );
#1211 = CARTESIAN_POINT('',(1.2,72.3));
#1212 = CARTESIAN_POINT('',(-0.878460969083,72.3));
#1213 = CARTESIAN_POINT('',(0.160769515459,74.1));
#1214 = CARTESIAN_POINT('',(1.2,75.9));
#1215 = CARTESIAN_POINT('',(2.239230484541,74.1));
#1216 = CARTESIAN_POINT('',(3.278460969083,72.3));
#1217 = CARTESIAN_POINT('',(1.2,72.3));
#1218 = ( GEOMETRIC_REPRESENTATION_CONTEXT(2) 
PARAMETRIC_REPRESENTATION_CONTEXT() REPRESENTATION_CONTEXT('2D SPACE',''
  ) );
#1219 = PCURVE('',#207,#1220);
#1220 = DEFINITIONAL_REPRESENTATION('',(#1221),#1225);
#1221 = LINE('',#1222,#1223);
#1222 = CARTESIAN_POINT('',(1.570796326795,-0.));
#1223 = VECTOR('',#1224,1.);
#1224 = DIRECTION('',(-1.,0.));
#1225 = ( GEOMETRIC_REPRESENTATION_CONTEXT(2) 
PARAMETRIC_REPRESENTATION_CONTEXT() REPRESENTATION_CONTEXT('2D SPACE',''
  ) );
#1226 = ORIENTED_EDGE('',*,*,#1227,.T.);
#1227 = EDGE_CURVE('',#1200,#1228,#1230,.T.);
#1228 = VERTEX_POINT('',#1229);
#1229 = CARTESIAN_POINT('',(37.2,20.35,5.));
#1230 = SURFACE_CURVE('',#1231,(#1235,#1242),.PCURVE_S1.);
#1231 = LINE('',#1232,#1233);
#1232 = CARTESIAN_POINT('',(-38.4,20.35,5.));
#1233 = VECTOR('',#1234,1.);
#1234 = DIRECTION('',(1.,0.,-0.));
#1235 = PCURVE('',#156,#1236);
#1236 = DEFINITIONAL_REPRESENTATION('',(#1237),#1241);
#1237 = LINE('',#1238,#1239);
#1238 = CARTESIAN_POINT('',(0.,74.7));
#1239 = VECTOR('',#1240,1.);
#1240 = DIRECTION('',(1.,0.));
#1241 = ( GEOMETRIC_REPRESENTATION_CONTEXT(2) 
PARAMETRIC_REPRESENTATION_CONTEXT() REPRESENTATION_CONTEXT('2D SPACE',''
  ) );
#1242 = PCURVE('',#1243,#1248);
#1243 = PLANE('',#1244);
#1244 = AXIS2_PLACEMENT_3D('',#1245,#1246,#1247);
#1245 = CARTESIAN_POINT('',(-38.4,20.35,5.));
#1246 = DIRECTION('',(-0.,1.,0.));
#1247 = DIRECTION('',(0.,0.,1.));
#1248 = DEFINITIONAL_REPRESENTATION('',(#1249),#1253);
#1249 = LINE('',#1250,#1251);
#1250 = CARTESIAN_POINT('',(0.,0.));
#1251 = VECTOR('',#1252,1.);
#1252 = DIRECTION('',(0.,1.));
#1253 = ( GEOMETRIC_REPRESENTATION_CONTEXT(2) 
PARAMETRIC_REPRESENTATION_CONTEXT() REPRESENTATION_CONTEXT('2D SPACE',''
  ) );
#1254 = ORIENTED_EDGE('',*,*,#1255,.T.);
#1255 = EDGE_CURVE('',#1228,#1256,#1258,.T.);
#1256 = VERTEX_POINT('',#1257);
#1257 = CARTESIAN_POINT('',(38.4,19.15,5.));
#1258 = SURFACE_CURVE('',#1259,(#1264,#1275),.PCURVE_S1.);
#1259 = CIRCLE('',#1260,1.2);
#1260 = AXIS2_PLACEMENT_3D('',#1261,#1262,#1263);
#1261 = CARTESIAN_POINT('',(37.2,19.15,5.));
#1262 = DIRECTION('',(-0.,-0.,-1.));
#1263 = DIRECTION('',(0.,-1.,0.));
#1264 = PCURVE('',#156,#1265);
#1265 = DEFINITIONAL_REPRESENTATION('',(#1266),#1274);
#1266 = ( BOUNDED_CURVE() B_SPLINE_CURVE(2,(#1267,#1268,#1269,#1270,
#1271,#1272,#1273),.UNSPECIFIED.,.T.,.F.) B_SPLINE_CURVE_WITH_KNOTS((1,2
    ,2,2,2,1),(-2.094395102393,0.,2.094395102393,4.188790204786,
6.28318530718,8.377580409573),.UNSPECIFIED.) CURVE() 
GEOMETRIC_REPRESENTATION_ITEM() RATIONAL_B_SPLINE_CURVE((1.,0.5,1.,0.5,
1.,0.5,1.)) REPRESENTATION_ITEM('') );
#1267 = CARTESIAN_POINT('',(75.6,72.3));
#1268 = CARTESIAN_POINT('',(73.521539030917,72.3));
#1269 = CARTESIAN_POINT('',(74.560769515459,74.1));
#1270 = CARTESIAN_POINT('',(75.6,75.9));
#1271 = CARTESIAN_POINT('',(76.639230484541,74.1));
#1272 = CARTESIAN_POINT('',(77.678460969083,72.3));
#1273 = CARTESIAN_POINT('',(75.6,72.3));
#1274 = ( GEOMETRIC_REPRESENTATION_CONTEXT(2) 
PARAMETRIC_REPRESENTATION_CONTEXT() REPRESENTATION_CONTEXT('2D SPACE',''
  ) );
#1275 = PCURVE('',#1276,#1281);
#1276 = CYLINDRICAL_SURFACE('',#1277,1.2);
#1277 = AXIS2_PLACEMENT_3D('',#1278,#1279,#1280);
#1278 = CARTESIAN_POINT('',(37.2,19.15,5.));
#1279 = DIRECTION('',(0.,0.,1.));
#1280 = DIRECTION('',(-0.,1.,0.));
#1281 = DEFINITIONAL_REPRESENTATION('',(#1282),#1286);
#1282 = LINE('',#1283,#1284);
#1283 = CARTESIAN_POINT('',(3.14159265359,-0.));
#1284 = VECTOR('',#1285,1.);
#1285 = DIRECTION('',(-1.,0.));
#1286 = ( GEOMETRIC_REPRESENTATION_CONTEXT(2) 
PARAMETRIC_REPRESENTATION_CONTEXT() REPRESENTATION_CONTEXT('2D SPACE',''
  ) );
#1287 = ORIENTED_EDGE('',*,*,#1288,.F.);
#1288 = EDGE_CURVE('',#1289,#1256,#1291,.T.);
#1289 = VERTEX_POINT('',#1290);
#1290 = CARTESIAN_POINT('',(38.4,20.35,5.));
#1291 = SURFACE_CURVE('',#1292,(#1296,#1303),.PCURVE_S1.);
#1292 = LINE('',#1293,#1294);
#1293 = CARTESIAN_POINT('',(38.4,-54.35,5.));
#1294 = VECTOR('',#1295,1.);
#1295 = DIRECTION('',(0.,-1.,0.));
#1296 = PCURVE('',#156,#1297);
#1297 = DEFINITIONAL_REPRESENTATION('',(#1298),#1302);
#1298 = LINE('',#1299,#1300);
#1299 = CARTESIAN_POINT('',(76.8,0.));
#1300 = VECTOR('',#1301,1.);
#1301 = DIRECTION('',(0.,-1.));
#1302 = ( GEOMETRIC_REPRESENTATION_CONTEXT(2) 
PARAMETRIC_REPRESENTATION_CONTEXT() REPRESENTATION_CONTEXT('2D SPACE',''
  ) );
#1303 = PCURVE('',#503,#1304);
#1304 = DEFINITIONAL_REPRESENTATION('',(#1305),#1309);
#1305 = LINE('',#1306,#1307);
#1306 = CARTESIAN_POINT('',(5.,0.));
#1307 = VECTOR('',#1308,1.);
#1308 = DIRECTION('',(0.,1.));
#1309 = ( GEOMETRIC_REPRESENTATION_CONTEXT(2) 
PARAMETRIC_REPRESENTATION_CONTEXT() REPRESENTATION_CONTEXT('2D SPACE',''
  ) );
#1310 = ORIENTED_EDGE('',*,*,#1311,.T.);
#1311 = EDGE_CURVE('',#1289,#1312,#1314,.T.);
#1312 = VERTEX_POINT('',#1313);
#1313 = CARTESIAN_POINT('',(38.4,23.15,5.));
#1314 = SURFACE_CURVE('',#1315,(#1319,#1326),.PCURVE_S1.);
#1315 = LINE('',#1316,#1317);
#1316 = CARTESIAN_POINT('',(38.4,-54.35,5.));
#1317 = VECTOR('',#1318,1.);
#1318 = DIRECTION('',(-0.,1.,0.));
#1319 = PCURVE('',#156,#1320);
#1320 = DEFINITIONAL_REPRESENTATION('',(#1321),#1325);
#1321 = LINE('',#1322,#1323);
#1322 = CARTESIAN_POINT('',(76.8,0.));
#1323 = VECTOR('',#1324,1.);
#1324 = DIRECTION('',(0.,1.));
#1325 = ( GEOMETRIC_REPRESENTATION_CONTEXT(2) 
PARAMETRIC_REPRESENTATION_CONTEXT() REPRESENTATION_CONTEXT('2D SPACE',''
  ) );
#1326 = PCURVE('',#503,#1327);
#1327 = DEFINITIONAL_REPRESENTATION('',(#1328),#1332);
#1328 = LINE('',#1329,#1330);
#1329 = CARTESIAN_POINT('',(5.,0.));
#1330 = VECTOR('',#1331,1.);
#1331 = DIRECTION('',(0.,-1.));
#1332 = ( GEOMETRIC_REPRESENTATION_CONTEXT(2) 
PARAMETRIC_REPRESENTATION_CONTEXT() REPRESENTATION_CONTEXT('2D SPACE',''
  ) );
#1333 = ORIENTED_EDGE('',*,*,#1334,.F.);
#1334 = EDGE_CURVE('',#1335,#1312,#1337,.T.);
#1335 = VERTEX_POINT('',#1336);
#1336 = CARTESIAN_POINT('',(37.2,24.35,5.));
#1337 = SURFACE_CURVE('',#1338,(#1343,#1354),.PCURVE_S1.);
#1338 = CIRCLE('',#1339,1.2);
#1339 = AXIS2_PLACEMENT_3D('',#1340,#1341,#1342);
#1340 = CARTESIAN_POINT('',(37.2,23.15,5.));
#1341 = DIRECTION('',(-0.,-0.,-1.));
#1342 = DIRECTION('',(0.,-1.,0.));
#1343 = PCURVE('',#156,#1344);
#1344 = DEFINITIONAL_REPRESENTATION('',(#1345),#1353);
#1345 = ( BOUNDED_CURVE() B_SPLINE_CURVE(2,(#1346,#1347,#1348,#1349,
#1350,#1351,#1352),.UNSPECIFIED.,.T.,.F.) B_SPLINE_CURVE_WITH_KNOTS((1,2
    ,2,2,2,1),(-2.094395102393,0.,2.094395102393,4.188790204786,
6.28318530718,8.377580409573),.UNSPECIFIED.) CURVE() 
GEOMETRIC_REPRESENTATION_ITEM() RATIONAL_B_SPLINE_CURVE((1.,0.5,1.,0.5,
1.,0.5,1.)) REPRESENTATION_ITEM('') );
#1346 = CARTESIAN_POINT('',(75.6,76.3));
#1347 = CARTESIAN_POINT('',(73.521539030917,76.3));
#1348 = CARTESIAN_POINT('',(74.560769515459,78.1));
#1349 = CARTESIAN_POINT('',(75.6,79.9));
#1350 = CARTESIAN_POINT('',(76.639230484541,78.1));
#1351 = CARTESIAN_POINT('',(77.678460969083,76.3));
#1352 = CARTESIAN_POINT('',(75.6,76.3));
#1353 = ( GEOMETRIC_REPRESENTATION_CONTEXT(2) 
PARAMETRIC_REPRESENTATION_CONTEXT() REPRESENTATION_CONTEXT('2D SPACE',''
  ) );
#1354 = PCURVE('',#932,#1355);
#1355 = DEFINITIONAL_REPRESENTATION('',(#1356),#1360);
#1356 = LINE('',#1357,#1358);
#1357 = CARTESIAN_POINT('',(3.14159265359,5.));
#1358 = VECTOR('',#1359,1.);
#1359 = DIRECTION('',(-1.,0.));
#1360 = ( GEOMETRIC_REPRESENTATION_CONTEXT(2) 
PARAMETRIC_REPRESENTATION_CONTEXT() REPRESENTATION_CONTEXT('2D SPACE',''
  ) );
#1361 = ORIENTED_EDGE('',*,*,#1362,.F.);
#1362 = EDGE_CURVE('',#1053,#1335,#1363,.T.);
#1363 = SURFACE_CURVE('',#1364,(#1368,#1375),.PCURVE_S1.);
#1364 = LINE('',#1365,#1366);
#1365 = CARTESIAN_POINT('',(-38.4,24.35,5.));
#1366 = VECTOR('',#1367,1.);
#1367 = DIRECTION('',(1.,0.,-0.));
#1368 = PCURVE('',#156,#1369);
#1369 = DEFINITIONAL_REPRESENTATION('',(#1370),#1374);
#1370 = LINE('',#1371,#1372);
#1371 = CARTESIAN_POINT('',(0.,78.7));
#1372 = VECTOR('',#1373,1.);
#1373 = DIRECTION('',(1.,0.));
#1374 = ( GEOMETRIC_REPRESENTATION_CONTEXT(2) 
PARAMETRIC_REPRESENTATION_CONTEXT() REPRESENTATION_CONTEXT('2D SPACE',''
  ) );
#1375 = PCURVE('',#960,#1376);
#1376 = DEFINITIONAL_REPRESENTATION('',(#1377),#1381);
#1377 = LINE('',#1378,#1379);
#1378 = CARTESIAN_POINT('',(5.,0.));
#1379 = VECTOR('',#1380,1.);
#1380 = DIRECTION('',(0.,1.));
#1381 = ( GEOMETRIC_REPRESENTATION_CONTEXT(2) 
PARAMETRIC_REPRESENTATION_CONTEXT() REPRESENTATION_CONTEXT('2D SPACE',''
  ) );
#1382 = ORIENTED_EDGE('',*,*,#1075,.F.);
#1383 = ADVANCED_FACE('',(#1384),#314,.T.);
#1384 = FACE_BOUND('',#1385,.T.);
#1385 = EDGE_LOOP('',(#1386,#1409,#1410,#1411,#1430,#1431,#1452,#1478));
#1386 = ORIENTED_EDGE('',*,*,#1387,.F.);
#1387 = EDGE_CURVE('',#274,#1388,#1390,.T.);
#1388 = VERTEX_POINT('',#1389);
#1389 = CARTESIAN_POINT('',(38.4,-13.86103560724,3.285946702779));
#1390 = SURFACE_CURVE('',#1391,(#1395,#1402),.PCURVE_S1.);
#1391 = LINE('',#1392,#1393);
#1392 = CARTESIAN_POINT('',(-39.4,-13.86103560724,3.285946702779));
#1393 = VECTOR('',#1394,1.);
#1394 = DIRECTION('',(1.,0.,0.));
#1395 = PCURVE('',#314,#1396);
#1396 = DEFINITIONAL_REPRESENTATION('',(#1397),#1401);
#1397 = LINE('',#1398,#1399);
#1398 = CARTESIAN_POINT('',(0.,0.));
#1399 = VECTOR('',#1400,1.);
#1400 = DIRECTION('',(0.,1.));
#1401 = ( GEOMETRIC_REPRESENTATION_CONTEXT(2) 
PARAMETRIC_REPRESENTATION_CONTEXT() REPRESENTATION_CONTEXT('2D SPACE',''
  ) );
#1402 = PCURVE('',#288,#1403);
#1403 = DEFINITIONAL_REPRESENTATION('',(#1404),#1408);
#1404 = LINE('',#1405,#1406);
#1405 = CARTESIAN_POINT('',(0.,0.));
#1406 = VECTOR('',#1407,1.);
#1407 = DIRECTION('',(1.,0.));
#1408 = ( GEOMETRIC_REPRESENTATION_CONTEXT(2) 
PARAMETRIC_REPRESENTATION_CONTEXT() REPRESENTATION_CONTEXT('2D SPACE',''
  ) );
#1409 = ORIENTED_EDGE('',*,*,#299,.T.);
#1410 = ORIENTED_EDGE('',*,*,#1175,.F.);
#1411 = ORIENTED_EDGE('',*,*,#1412,.T.);
#1412 = EDGE_CURVE('',#1155,#657,#1413,.T.);
#1413 = SURFACE_CURVE('',#1414,(#1418,#1424),.PCURVE_S1.);
#1414 = LINE('',#1415,#1416);
#1415 = CARTESIAN_POINT('',(-3.1,-14.80675887847,6.815434000887));
#1416 = VECTOR('',#1417,1.);
#1417 = DIRECTION('',(-0.,0.258819045103,-0.965925826289));
#1418 = PCURVE('',#314,#1419);
#1419 = DEFINITIONAL_REPRESENTATION('',(#1420),#1423);
#1420 = B_SPLINE_CURVE_WITH_KNOTS('',1,(#1421,#1422),.UNSPECIFIED.,.F.,
  .F.,(2,2),(-10.54383858669,1.879475578224),.PIECEWISE_BEZIER_KNOTS.);
#1421 = CARTESIAN_POINT('',(14.197832715487,36.3));
#1422 = CARTESIAN_POINT('',(1.774518550566,36.3));
#1423 = ( GEOMETRIC_REPRESENTATION_CONTEXT(2) 
PARAMETRIC_REPRESENTATION_CONTEXT() REPRESENTATION_CONTEXT('2D SPACE',''
  ) );
#1424 = PCURVE('',#694,#1425);
#1425 = DEFINITIONAL_REPRESENTATION('',(#1426),#1429);
#1426 = B_SPLINE_CURVE_WITH_KNOTS('',1,(#1427,#1428),.UNSPECIFIED.,.F.,
  .F.,(2,2),(-10.54383858669,1.879475578224),.PIECEWISE_BEZIER_KNOTS.);
#1427 = CARTESIAN_POINT('',(12.,-18.1642948868));
#1428 = CARTESIAN_POINT('',(0.,-21.37968519597));
#1429 = ( GEOMETRIC_REPRESENTATION_CONTEXT(2) 
PARAMETRIC_REPRESENTATION_CONTEXT() REPRESENTATION_CONTEXT('2D SPACE',''
  ) );
#1430 = ORIENTED_EDGE('',*,*,#656,.T.);
#1431 = ORIENTED_EDGE('',*,*,#1432,.F.);
#1432 = EDGE_CURVE('',#1433,#629,#1435,.T.);
#1433 = VERTEX_POINT('',#1434);
#1434 = CARTESIAN_POINT('',(3.1,-17.53570511319,17.));
#1435 = SURFACE_CURVE('',#1436,(#1440,#1446),.PCURVE_S1.);
#1436 = LINE('',#1437,#1438);
#1437 = CARTESIAN_POINT('',(3.1,-14.80675887847,6.815434000887));
#1438 = VECTOR('',#1439,1.);
#1439 = DIRECTION('',(-0.,0.258819045103,-0.965925826289));
#1440 = PCURVE('',#314,#1441);
#1441 = DEFINITIONAL_REPRESENTATION('',(#1442),#1445);
#1442 = B_SPLINE_CURVE_WITH_KNOTS('',1,(#1443,#1444),.UNSPECIFIED.,.F.,
  .F.,(2,2),(-10.54383858669,1.879475578224),.PIECEWISE_BEZIER_KNOTS.);
#1443 = CARTESIAN_POINT('',(14.197832715487,42.5));
#1444 = CARTESIAN_POINT('',(1.774518550566,42.5));
#1445 = ( GEOMETRIC_REPRESENTATION_CONTEXT(2) 
PARAMETRIC_REPRESENTATION_CONTEXT() REPRESENTATION_CONTEXT('2D SPACE',''
  ) );
#1446 = PCURVE('',#644,#1447);
#1447 = DEFINITIONAL_REPRESENTATION('',(#1448),#1451);
#1448 = B_SPLINE_CURVE_WITH_KNOTS('',1,(#1449,#1450),.UNSPECIFIED.,.F.,
  .F.,(2,2),(-10.54383858669,1.879475578224),.PIECEWISE_BEZIER_KNOTS.);
#1449 = CARTESIAN_POINT('',(12.,-18.1642948868));
#1450 = CARTESIAN_POINT('',(0.,-21.37968519597));
#1451 = ( GEOMETRIC_REPRESENTATION_CONTEXT(2) 
PARAMETRIC_REPRESENTATION_CONTEXT() REPRESENTATION_CONTEXT('2D SPACE',''
  ) );
#1452 = ORIENTED_EDGE('',*,*,#1453,.F.);
#1453 = EDGE_CURVE('',#1454,#1433,#1456,.T.);
#1454 = VERTEX_POINT('',#1455);
#1455 = CARTESIAN_POINT('',(38.4,-17.53570511319,17.));
#1456 = SURFACE_CURVE('',#1457,(#1461,#1467),.PCURVE_S1.);
#1457 = LINE('',#1458,#1459);
#1458 = CARTESIAN_POINT('',(-38.9,-17.53570511319,17.));
#1459 = VECTOR('',#1460,1.);
#1460 = DIRECTION('',(-1.,0.,0.));
#1461 = PCURVE('',#314,#1462);
#1462 = DEFINITIONAL_REPRESENTATION('',(#1463),#1466);
#1463 = B_SPLINE_CURVE_WITH_KNOTS('',1,(#1464,#1465),.UNSPECIFIED.,.F.,
  .F.,(2,2),(-77.3,-0.5),.PIECEWISE_BEZIER_KNOTS.);
#1464 = CARTESIAN_POINT('',(14.197832715487,77.8));
#1465 = CARTESIAN_POINT('',(14.197832715487,1.));
#1466 = ( GEOMETRIC_REPRESENTATION_CONTEXT(2) 
PARAMETRIC_REPRESENTATION_CONTEXT() REPRESENTATION_CONTEXT('2D SPACE',''
  ) );
#1467 = PCURVE('',#1468,#1473);
#1468 = PLANE('',#1469);
#1469 = AXIS2_PLACEMENT_3D('',#1470,#1471,#1472);
#1470 = CARTESIAN_POINT('',(-38.4,-20.35,17.));
#1471 = DIRECTION('',(0.,0.,1.));
#1472 = DIRECTION('',(1.,0.,-0.));
#1473 = DEFINITIONAL_REPRESENTATION('',(#1474),#1477);
#1474 = B_SPLINE_CURVE_WITH_KNOTS('',1,(#1475,#1476),.UNSPECIFIED.,.F.,
  .F.,(2,2),(-77.3,-0.5),.PIECEWISE_BEZIER_KNOTS.);
#1475 = CARTESIAN_POINT('',(76.8,2.814294886804));
#1476 = CARTESIAN_POINT('',(0.,2.814294886804));
#1477 = ( GEOMETRIC_REPRESENTATION_CONTEXT(2) 
PARAMETRIC_REPRESENTATION_CONTEXT() REPRESENTATION_CONTEXT('2D SPACE',''
  ) );
#1478 = ORIENTED_EDGE('',*,*,#1479,.F.);
#1479 = EDGE_CURVE('',#1388,#1454,#1480,.T.);
#1480 = SURFACE_CURVE('',#1481,(#1485,#1491),.PCURVE_S1.);
#1481 = LINE('',#1482,#1483);
#1482 = CARTESIAN_POINT('',(38.4,-14.80641543332,6.814152246156));
#1483 = VECTOR('',#1484,1.);
#1484 = DIRECTION('',(0.,-0.258819045103,0.965925826289));
#1485 = PCURVE('',#314,#1486);
#1486 = DEFINITIONAL_REPRESENTATION('',(#1487),#1490);
#1487 = B_SPLINE_CURVE_WITH_KNOTS('',1,(#1488,#1489),.UNSPECIFIED.,.F.,
  .F.,(2,2),(-3.652667158649,10.545165556838),.PIECEWISE_BEZIER_KNOTS.);
#1488 = CARTESIAN_POINT('',(0.,77.8));
#1489 = CARTESIAN_POINT('',(14.197832715487,77.8));
#1490 = ( GEOMETRIC_REPRESENTATION_CONTEXT(2) 
PARAMETRIC_REPRESENTATION_CONTEXT() REPRESENTATION_CONTEXT('2D SPACE',''
  ) );
#1491 = PCURVE('',#503,#1492);
#1492 = DEFINITIONAL_REPRESENTATION('',(#1493),#1496);
#1493 = B_SPLINE_CURVE_WITH_KNOTS('',1,(#1494,#1495),.UNSPECIFIED.,.F.,
  .F.,(2,2),(-3.652667158649,10.545165556838),.PIECEWISE_BEZIER_KNOTS.);
#1494 = CARTESIAN_POINT('',(3.285946702779,-40.48896439275));
#1495 = CARTESIAN_POINT('',(17.,-36.8142948868));
#1496 = ( GEOMETRIC_REPRESENTATION_CONTEXT(2) 
PARAMETRIC_REPRESENTATION_CONTEXT() REPRESENTATION_CONTEXT('2D SPACE',''
  ) );
#1497 = ADVANCED_FACE('',(#1498,#1668),#288,.T.);
#1498 = FACE_BOUND('',#1499,.T.);
#1499 = EDGE_LOOP('',(#1500,#1528,#1554,#1580,#1612,#1638));
#1500 = ORIENTED_EDGE('',*,*,#1501,.F.);
#1501 = EDGE_CURVE('',#1502,#1504,#1506,.T.);
#1502 = VERTEX_POINT('',#1503);
#1503 = CARTESIAN_POINT('',(3.1,-7.464101615138,5.));
#1504 = VERTEX_POINT('',#1505);
#1505 = CARTESIAN_POINT('',(3.1,-6.2,5.338715006927));
#1506 = SURFACE_CURVE('',#1507,(#1511,#1517),.PCURVE_S1.);
#1507 = LINE('',#1508,#1509);
#1508 = CARTESIAN_POINT('',(3.1,-23.8347945324,0.613486053282));
#1509 = VECTOR('',#1510,1.);
#1510 = DIRECTION('',(0.,0.965925826289,0.258819045103));
#1511 = PCURVE('',#288,#1512);
#1512 = DEFINITIONAL_REPRESENTATION('',(#1513),#1516);
#1513 = B_SPLINE_CURVE_WITH_KNOTS('',1,(#1514,#1515),.UNSPECIFIED.,.F.,
  .F.,(2,2),(16.94818843405,19.499214142312),.PIECEWISE_BEZIER_KNOTS.);
#1514 = CARTESIAN_POINT('',(42.5,6.622593389687));
#1515 = CARTESIAN_POINT('',(42.5,9.17361909795));
#1516 = ( GEOMETRIC_REPRESENTATION_CONTEXT(2) 
PARAMETRIC_REPRESENTATION_CONTEXT() REPRESENTATION_CONTEXT('2D SPACE',''
  ) );
#1517 = PCURVE('',#1518,#1523);
#1518 = PLANE('',#1519);
#1519 = AXIS2_PLACEMENT_3D('',#1520,#1521,#1522);
#1520 = CARTESIAN_POINT('',(3.1,-35.7,5.));
#1521 = DIRECTION('',(1.,0.,-0.));
#1522 = DIRECTION('',(0.,0.,1.));
#1523 = DEFINITIONAL_REPRESENTATION('',(#1524),#1527);
#1524 = B_SPLINE_CURVE_WITH_KNOTS('',1,(#1525,#1526),.UNSPECIFIED.,.F.,
  .F.,(2,2),(16.94818843405,19.499214142312),.PIECEWISE_BEZIER_KNOTS.);
#1525 = CARTESIAN_POINT('',(8.881784197001E-16,-28.23589838486));
#1526 = CARTESIAN_POINT('',(0.660254037844,-30.7));
#1527 = ( GEOMETRIC_REPRESENTATION_CONTEXT(2) 
PARAMETRIC_REPRESENTATION_CONTEXT() REPRESENTATION_CONTEXT('2D SPACE',''
  ) );
#1528 = ORIENTED_EDGE('',*,*,#1529,.T.);
#1529 = EDGE_CURVE('',#1502,#1530,#1532,.T.);
#1530 = VERTEX_POINT('',#1531);
#1531 = CARTESIAN_POINT('',(-3.1,-7.464101615138,5.));
#1532 = SURFACE_CURVE('',#1533,(#1537,#1543),.PCURVE_S1.);
#1533 = LINE('',#1534,#1535);
#1534 = CARTESIAN_POINT('',(-21.25,-7.464101615138,5.));
#1535 = VECTOR('',#1536,1.);
#1536 = DIRECTION('',(-1.,0.,0.));
#1537 = PCURVE('',#288,#1538);
#1538 = DEFINITIONAL_REPRESENTATION('',(#1539),#1542);
#1539 = B_SPLINE_CURVE_WITH_KNOTS('',1,(#1540,#1541),.UNSPECIFIED.,.F.,
  .F.,(2,2),(-24.35,-18.15),.PIECEWISE_BEZIER_KNOTS.);
#1540 = CARTESIAN_POINT('',(42.5,6.622593389687));
#1541 = CARTESIAN_POINT('',(36.3,6.622593389687));
#1542 = ( GEOMETRIC_REPRESENTATION_CONTEXT(2) 
PARAMETRIC_REPRESENTATION_CONTEXT() REPRESENTATION_CONTEXT('2D SPACE',''
  ) );
#1543 = PCURVE('',#1544,#1549);
#1544 = PLANE('',#1545);
#1545 = AXIS2_PLACEMENT_3D('',#1546,#1547,#1548);
#1546 = CARTESIAN_POINT('',(-3.1,-35.7,5.));
#1547 = DIRECTION('',(0.,0.,1.));
#1548 = DIRECTION('',(1.,0.,-0.));
#1549 = DEFINITIONAL_REPRESENTATION('',(#1550),#1553);
#1550 = B_SPLINE_CURVE_WITH_KNOTS('',1,(#1551,#1552),.UNSPECIFIED.,.F.,
  .F.,(2,2),(-24.35,-18.15),.PIECEWISE_BEZIER_KNOTS.);
#1551 = CARTESIAN_POINT('',(6.2,28.235898384862));
#1552 = CARTESIAN_POINT('',(0.,28.235898384862));
#1553 = ( GEOMETRIC_REPRESENTATION_CONTEXT(2) 
PARAMETRIC_REPRESENTATION_CONTEXT() REPRESENTATION_CONTEXT('2D SPACE',''
  ) );
#1554 = ORIENTED_EDGE('',*,*,#1555,.T.);
#1555 = EDGE_CURVE('',#1530,#1556,#1558,.T.);
#1556 = VERTEX_POINT('',#1557);
#1557 = CARTESIAN_POINT('',(-3.1,-6.2,5.338715006927));
#1558 = SURFACE_CURVE('',#1559,(#1563,#1569),.PCURVE_S1.);
#1559 = LINE('',#1560,#1561);
#1560 = CARTESIAN_POINT('',(-3.1,-23.8347945324,0.613486053282));
#1561 = VECTOR('',#1562,1.);
#1562 = DIRECTION('',(0.,0.965925826289,0.258819045103));
#1563 = PCURVE('',#288,#1564);
#1564 = DEFINITIONAL_REPRESENTATION('',(#1565),#1568);
#1565 = B_SPLINE_CURVE_WITH_KNOTS('',1,(#1566,#1567),.UNSPECIFIED.,.F.,
  .F.,(2,2),(16.94818843405,19.499214142312),.PIECEWISE_BEZIER_KNOTS.);
#1566 = CARTESIAN_POINT('',(36.3,6.622593389687));
#1567 = CARTESIAN_POINT('',(36.3,9.17361909795));
#1568 = ( GEOMETRIC_REPRESENTATION_CONTEXT(2) 
PARAMETRIC_REPRESENTATION_CONTEXT() REPRESENTATION_CONTEXT('2D SPACE',''
  ) );
#1569 = PCURVE('',#1570,#1575);
#1570 = PLANE('',#1571);
#1571 = AXIS2_PLACEMENT_3D('',#1572,#1573,#1574);
#1572 = CARTESIAN_POINT('',(-3.1,-35.7,5.));
#1573 = DIRECTION('',(1.,0.,-0.));
#1574 = DIRECTION('',(0.,0.,1.));
#1575 = DEFINITIONAL_REPRESENTATION('',(#1576),#1579);
#1576 = B_SPLINE_CURVE_WITH_KNOTS('',1,(#1577,#1578),.UNSPECIFIED.,.F.,
  .F.,(2,2),(16.94818843405,19.499214142312),.PIECEWISE_BEZIER_KNOTS.);
#1577 = CARTESIAN_POINT('',(8.881784197001E-16,-28.23589838486));
#1578 = CARTESIAN_POINT('',(0.660254037844,-30.7));
#1579 = ( GEOMETRIC_REPRESENTATION_CONTEXT(2) 
PARAMETRIC_REPRESENTATION_CONTEXT() REPRESENTATION_CONTEXT('2D SPACE',''
  ) );
#1580 = ORIENTED_EDGE('',*,*,#1581,.F.);
#1581 = EDGE_CURVE('',#1582,#1556,#1584,.T.);
#1582 = VERTEX_POINT('',#1583);
#1583 = CARTESIAN_POINT('',(-1.9,-5.,5.660254037844));
#1584 = SURFACE_CURVE('',#1585,(#1590,#1597),.PCURVE_S1.);
#1585 = ELLIPSE('',#1586,1.242331416492,1.2);
#1586 = AXIS2_PLACEMENT_3D('',#1587,#1588,#1589);
#1587 = CARTESIAN_POINT('',(-1.9,-6.2,5.338715006927));
#1588 = DIRECTION('',(0.,-0.258819045103,0.965925826289));
#1589 = DIRECTION('',(0.,0.965925826289,0.258819045103));
#1590 = PCURVE('',#288,#1591);
#1591 = DEFINITIONAL_REPRESENTATION('',(#1592),#1596);
#1592 = ELLIPSE('',#1593,1.242331416492,1.2);
#1593 = AXIS2_PLACEMENT_2D('',#1594,#1595);
#1594 = CARTESIAN_POINT('',(37.5,7.931287681457));
#1595 = DIRECTION('',(0.,1.));
#1596 = ( GEOMETRIC_REPRESENTATION_CONTEXT(2) 
PARAMETRIC_REPRESENTATION_CONTEXT() REPRESENTATION_CONTEXT('2D SPACE',''
  ) );
#1597 = PCURVE('',#1598,#1603);
#1598 = CYLINDRICAL_SURFACE('',#1599,1.2);
#1599 = AXIS2_PLACEMENT_3D('',#1600,#1601,#1602);
#1600 = CARTESIAN_POINT('',(-1.9,-6.2,5.));
#1601 = DIRECTION('',(0.,0.,1.));
#1602 = DIRECTION('',(-0.,1.,0.));
#1603 = DEFINITIONAL_REPRESENTATION('',(#1604),#1611);
#1604 = B_SPLINE_CURVE_WITH_KNOTS('',5,(#1605,#1606,#1607,#1608,#1609,
    #1610),.UNSPECIFIED.,.F.,.F.,(6,6),(-8.881784197001E-16,
    1.570796326795),.PIECEWISE_BEZIER_KNOTS.);
#1605 = CARTESIAN_POINT('',(-8.881784197001E-16,0.660254037844));
#1606 = CARTESIAN_POINT('',(0.314159265359,0.660254037844));
#1607 = CARTESIAN_POINT('',(0.628316398964,0.620695712804));
#1608 = CARTESIAN_POINT('',(0.942478657896,0.540834929183));
#1609 = CARTESIAN_POINT('',(1.256637061436,0.439729472664));
#1610 = CARTESIAN_POINT('',(1.570796326795,0.338715006927));
#1611 = ( GEOMETRIC_REPRESENTATION_CONTEXT(2) 
PARAMETRIC_REPRESENTATION_CONTEXT() REPRESENTATION_CONTEXT('2D SPACE',''
  ) );
#1612 = ORIENTED_EDGE('',*,*,#1613,.F.);
#1613 = EDGE_CURVE('',#1614,#1582,#1616,.T.);
#1614 = VERTEX_POINT('',#1615);
#1615 = CARTESIAN_POINT('',(1.9,-5.,5.660254037844));
#1616 = SURFACE_CURVE('',#1617,(#1621,#1627),.PCURVE_S1.);
#1617 = LINE('',#1618,#1619);
#1618 = CARTESIAN_POINT('',(-21.25,-5.,5.660254037844));
#1619 = VECTOR('',#1620,1.);
#1620 = DIRECTION('',(-1.,-0.,0.));
#1621 = PCURVE('',#288,#1622);
#1622 = DEFINITIONAL_REPRESENTATION('',(#1623),#1626);
#1623 = B_SPLINE_CURVE_WITH_KNOTS('',1,(#1624,#1625),.UNSPECIFIED.,.F.,
  .F.,(2,2),(-24.35,-18.15),.PIECEWISE_BEZIER_KNOTS.);
#1624 = CARTESIAN_POINT('',(42.5,9.17361909795));
#1625 = CARTESIAN_POINT('',(36.3,9.17361909795));
#1626 = ( GEOMETRIC_REPRESENTATION_CONTEXT(2) 
PARAMETRIC_REPRESENTATION_CONTEXT() REPRESENTATION_CONTEXT('2D SPACE',''
  ) );
#1627 = PCURVE('',#1628,#1633);
#1628 = PLANE('',#1629);
#1629 = AXIS2_PLACEMENT_3D('',#1630,#1631,#1632);
#1630 = CARTESIAN_POINT('',(-3.1,-5.,5.));
#1631 = DIRECTION('',(-0.,1.,0.));
#1632 = DIRECTION('',(0.,0.,1.));
#1633 = DEFINITIONAL_REPRESENTATION('',(#1634),#1637);
#1634 = B_SPLINE_CURVE_WITH_KNOTS('',1,(#1635,#1636),.UNSPECIFIED.,.F.,
  .F.,(2,2),(-24.35,-18.15),.PIECEWISE_BEZIER_KNOTS.);
#1635 = CARTESIAN_POINT('',(0.660254037844,6.2));
#1636 = CARTESIAN_POINT('',(0.660254037844,0.));
#1637 = ( GEOMETRIC_REPRESENTATION_CONTEXT(2) 
PARAMETRIC_REPRESENTATION_CONTEXT() REPRESENTATION_CONTEXT('2D SPACE',''
  ) );
#1638 = ORIENTED_EDGE('',*,*,#1639,.F.);
#1639 = EDGE_CURVE('',#1504,#1614,#1640,.T.);
#1640 = SURFACE_CURVE('',#1641,(#1646,#1653),.PCURVE_S1.);
#1641 = ELLIPSE('',#1642,1.242331416492,1.2);
#1642 = AXIS2_PLACEMENT_3D('',#1643,#1644,#1645);
#1643 = CARTESIAN_POINT('',(1.9,-6.2,5.338715006927));
#1644 = DIRECTION('',(0.,-0.258819045103,0.965925826289));
#1645 = DIRECTION('',(0.,0.965925826289,0.258819045103));
#1646 = PCURVE('',#288,#1647);
#1647 = DEFINITIONAL_REPRESENTATION('',(#1648),#1652);
#1648 = ELLIPSE('',#1649,1.242331416492,1.2);
#1649 = AXIS2_PLACEMENT_2D('',#1650,#1651);
#1650 = CARTESIAN_POINT('',(41.3,7.931287681457));
#1651 = DIRECTION('',(0.,1.));
#1652 = ( GEOMETRIC_REPRESENTATION_CONTEXT(2) 
PARAMETRIC_REPRESENTATION_CONTEXT() REPRESENTATION_CONTEXT('2D SPACE',''
  ) );
#1653 = PCURVE('',#1654,#1659);
#1654 = CYLINDRICAL_SURFACE('',#1655,1.2);
#1655 = AXIS2_PLACEMENT_3D('',#1656,#1657,#1658);
#1656 = CARTESIAN_POINT('',(1.9,-6.2,5.));
#1657 = DIRECTION('',(0.,0.,1.));
#1658 = DIRECTION('',(1.,0.,-0.));
#1659 = DEFINITIONAL_REPRESENTATION('',(#1660),#1667);
#1660 = B_SPLINE_CURVE_WITH_KNOTS('',5,(#1661,#1662,#1663,#1664,#1665,
    #1666),.UNSPECIFIED.,.F.,.F.,(6,6),(4.712388980385,6.28318530718),
  .PIECEWISE_BEZIER_KNOTS.);
#1661 = CARTESIAN_POINT('',(0.,0.338715006927));
#1662 = CARTESIAN_POINT('',(0.314159265359,0.439729472664));
#1663 = CARTESIAN_POINT('',(0.628317668899,0.540834929183));
#1664 = CARTESIAN_POINT('',(0.942479927831,0.620695712804));
#1665 = CARTESIAN_POINT('',(1.256637061436,0.660254037844));
#1666 = CARTESIAN_POINT('',(1.570796326795,0.660254037844));
#1667 = ( GEOMETRIC_REPRESENTATION_CONTEXT(2) 
PARAMETRIC_REPRESENTATION_CONTEXT() REPRESENTATION_CONTEXT('2D SPACE',''
  ) );
#1668 = FACE_BOUND('',#1669,.T.);
#1669 = EDGE_LOOP('',(#1670,#1693,#1694,#1695));
#1670 = ORIENTED_EDGE('',*,*,#1671,.F.);
#1671 = EDGE_CURVE('',#248,#1672,#1674,.T.);
#1672 = VERTEX_POINT('',#1673);
#1673 = CARTESIAN_POINT('',(38.4,13.861035607248,10.714053297221));
#1674 = SURFACE_CURVE('',#1675,(#1679,#1686),.PCURVE_S1.);
#1675 = LINE('',#1676,#1677);
#1676 = CARTESIAN_POINT('',(-39.4,13.861035607248,10.714053297221));
#1677 = VECTOR('',#1678,1.);
#1678 = DIRECTION('',(1.,0.,0.));
#1679 = PCURVE('',#288,#1680);
#1680 = DEFINITIONAL_REPRESENTATION('',(#1681),#1685);
#1681 = LINE('',#1682,#1683);
#1682 = CARTESIAN_POINT('',(0.,28.7));
#1683 = VECTOR('',#1684,1.);
#1684 = DIRECTION('',(1.,0.));
#1685 = ( GEOMETRIC_REPRESENTATION_CONTEXT(2) 
PARAMETRIC_REPRESENTATION_CONTEXT() REPRESENTATION_CONTEXT('2D SPACE',''
  ) );
#1686 = PCURVE('',#262,#1687);
#1687 = DEFINITIONAL_REPRESENTATION('',(#1688),#1692);
#1688 = LINE('',#1689,#1690);
#1689 = CARTESIAN_POINT('',(0.,0.));
#1690 = VECTOR('',#1691,1.);
#1691 = DIRECTION('',(0.,1.));
#1692 = ( GEOMETRIC_REPRESENTATION_CONTEXT(2) 
PARAMETRIC_REPRESENTATION_CONTEXT() REPRESENTATION_CONTEXT('2D SPACE',''
  ) );
#1693 = ORIENTED_EDGE('',*,*,#273,.T.);
#1694 = ORIENTED_EDGE('',*,*,#1387,.T.);
#1695 = ORIENTED_EDGE('',*,*,#1696,.F.);
#1696 = EDGE_CURVE('',#1672,#1388,#1697,.T.);
#1697 = SURFACE_CURVE('',#1698,(#1702,#1708),.PCURVE_S1.);
#1698 = LINE('',#1699,#1700);
#1699 = CARTESIAN_POINT('',(38.4,-33.16013797754,-1.885232191988));
#1700 = VECTOR('',#1701,1.);
#1701 = DIRECTION('',(0.,-0.965925826289,-0.258819045103));
#1702 = PCURVE('',#288,#1703);
#1703 = DEFINITIONAL_REPRESENTATION('',(#1704),#1707);
#1704 = B_SPLINE_CURVE_WITH_KNOTS('',1,(#1705,#1706),.UNSPECIFIED.,.F.,
  .F.,(2,2),(-48.67990098726,-19.97990098726),.PIECEWISE_BEZIER_KNOTS.);
#1705 = CARTESIAN_POINT('',(77.8,28.7));
#1706 = CARTESIAN_POINT('',(77.8,0.));
#1707 = ( GEOMETRIC_REPRESENTATION_CONTEXT(2) 
PARAMETRIC_REPRESENTATION_CONTEXT() REPRESENTATION_CONTEXT('2D SPACE',''
  ) );
#1708 = PCURVE('',#503,#1709);
#1709 = DEFINITIONAL_REPRESENTATION('',(#1710),#1713);
#1710 = B_SPLINE_CURVE_WITH_KNOTS('',1,(#1711,#1712),.UNSPECIFIED.,.F.,
  .F.,(2,2),(-48.67990098726,-19.97990098726),.PIECEWISE_BEZIER_KNOTS.);
#1711 = CARTESIAN_POINT('',(10.714053297221,-68.21103560724));
#1712 = CARTESIAN_POINT('',(3.285946702779,-40.48896439275));
#1713 = ( GEOMETRIC_REPRESENTATION_CONTEXT(2) 
PARAMETRIC_REPRESENTATION_CONTEXT() REPRESENTATION_CONTEXT('2D SPACE',''
  ) );
#1714 = ADVANCED_FACE('',(#1715),#207,.T.);
#1715 = FACE_BOUND('',#1716,.F.);
#1716 = EDGE_LOOP('',(#1717,#1718,#1741,#1767));
#1717 = ORIENTED_EDGE('',*,*,#1199,.T.);
#1718 = ORIENTED_EDGE('',*,*,#1719,.T.);
#1719 = EDGE_CURVE('',#1200,#1720,#1722,.T.);
#1720 = VERTEX_POINT('',#1721);
#1721 = CARTESIAN_POINT('',(-37.2,20.35,17.));
#1722 = SURFACE_CURVE('',#1723,(#1727,#1734),.PCURVE_S1.);
#1723 = LINE('',#1724,#1725);
#1724 = CARTESIAN_POINT('',(-37.2,20.35,5.));
#1725 = VECTOR('',#1726,1.);
#1726 = DIRECTION('',(0.,0.,1.));
#1727 = PCURVE('',#207,#1728);
#1728 = DEFINITIONAL_REPRESENTATION('',(#1729),#1733);
#1729 = LINE('',#1730,#1731);
#1730 = CARTESIAN_POINT('',(-1.570796326795,0.));
#1731 = VECTOR('',#1732,1.);
#1732 = DIRECTION('',(-0.,1.));
#1733 = ( GEOMETRIC_REPRESENTATION_CONTEXT(2) 
PARAMETRIC_REPRESENTATION_CONTEXT() REPRESENTATION_CONTEXT('2D SPACE',''
  ) );
#1734 = PCURVE('',#1243,#1735);
#1735 = DEFINITIONAL_REPRESENTATION('',(#1736),#1740);
#1736 = LINE('',#1737,#1738);
#1737 = CARTESIAN_POINT('',(0.,1.2));
#1738 = VECTOR('',#1739,1.);
#1739 = DIRECTION('',(1.,0.));
#1740 = ( GEOMETRIC_REPRESENTATION_CONTEXT(2) 
PARAMETRIC_REPRESENTATION_CONTEXT() REPRESENTATION_CONTEXT('2D SPACE',''
  ) );
#1741 = ORIENTED_EDGE('',*,*,#1742,.F.);
#1742 = EDGE_CURVE('',#192,#1720,#1743,.T.);
#1743 = SURFACE_CURVE('',#1744,(#1749,#1756),.PCURVE_S1.);
#1744 = CIRCLE('',#1745,1.2);
#1745 = AXIS2_PLACEMENT_3D('',#1746,#1747,#1748);
#1746 = CARTESIAN_POINT('',(-37.2,19.15,17.));
#1747 = DIRECTION('',(-0.,-0.,-1.));
#1748 = DIRECTION('',(0.,-1.,0.));
#1749 = PCURVE('',#207,#1750);
#1750 = DEFINITIONAL_REPRESENTATION('',(#1751),#1755);
#1751 = LINE('',#1752,#1753);
#1752 = CARTESIAN_POINT('',(1.570796326795,12.));
#1753 = VECTOR('',#1754,1.);
#1754 = DIRECTION('',(-1.,0.));
#1755 = ( GEOMETRIC_REPRESENTATION_CONTEXT(2) 
PARAMETRIC_REPRESENTATION_CONTEXT() REPRESENTATION_CONTEXT('2D SPACE',''
  ) );
#1756 = PCURVE('',#235,#1757);
#1757 = DEFINITIONAL_REPRESENTATION('',(#1758),#1766);
#1758 = ( BOUNDED_CURVE() B_SPLINE_CURVE(2,(#1759,#1760,#1761,#1762,
#1763,#1764,#1765),.UNSPECIFIED.,.T.,.F.) B_SPLINE_CURVE_WITH_KNOTS((1,2
    ,2,2,2,1),(-2.094395102393,0.,2.094395102393,4.188790204786,
6.28318530718,8.377580409573),.UNSPECIFIED.) CURVE() 
GEOMETRIC_REPRESENTATION_ITEM() RATIONAL_B_SPLINE_CURVE((1.,0.5,1.,0.5,
1.,0.5,1.)) REPRESENTATION_ITEM('') );
#1759 = CARTESIAN_POINT('',(1.2,38.3));
#1760 = CARTESIAN_POINT('',(-0.878460969083,38.3));
#1761 = CARTESIAN_POINT('',(0.160769515459,40.1));
#1762 = CARTESIAN_POINT('',(1.2,41.9));
#1763 = CARTESIAN_POINT('',(2.239230484541,40.1));
#1764 = CARTESIAN_POINT('',(3.278460969083,38.3));
#1765 = CARTESIAN_POINT('',(1.2,38.3));
#1766 = ( GEOMETRIC_REPRESENTATION_CONTEXT(2) 
PARAMETRIC_REPRESENTATION_CONTEXT() REPRESENTATION_CONTEXT('2D SPACE',''
  ) );
#1767 = ORIENTED_EDGE('',*,*,#191,.F.);
#1768 = ADVANCED_FACE('',(#1769),#262,.F.);
#1769 = FACE_BOUND('',#1770,.F.);
#1770 = EDGE_LOOP('',(#1771,#1772,#1773,#1794));
#1771 = ORIENTED_EDGE('',*,*,#1671,.F.);
#1772 = ORIENTED_EDGE('',*,*,#247,.T.);
#1773 = ORIENTED_EDGE('',*,*,#1774,.F.);
#1774 = EDGE_CURVE('',#1775,#220,#1777,.T.);
#1775 = VERTEX_POINT('',#1776);
#1776 = CARTESIAN_POINT('',(38.4,12.176721264573,17.));
#1777 = SURFACE_CURVE('',#1778,(#1782,#1788),.PCURVE_S1.);
#1778 = LINE('',#1779,#1780);
#1779 = CARTESIAN_POINT('',(-38.9,12.176721264573,17.));
#1780 = VECTOR('',#1781,1.);
#1781 = DIRECTION('',(-1.,0.,0.));
#1782 = PCURVE('',#262,#1783);
#1783 = DEFINITIONAL_REPRESENTATION('',(#1784),#1787);
#1784 = B_SPLINE_CURVE_WITH_KNOTS('',1,(#1785,#1786),.UNSPECIFIED.,.F.,
  .F.,(2,2),(-77.3,-0.5),.PIECEWISE_BEZIER_KNOTS.);
#1785 = CARTESIAN_POINT('',(6.507690892714,77.8));
#1786 = CARTESIAN_POINT('',(6.507690892714,1.));
#1787 = ( GEOMETRIC_REPRESENTATION_CONTEXT(2) 
PARAMETRIC_REPRESENTATION_CONTEXT() REPRESENTATION_CONTEXT('2D SPACE',''
  ) );
#1788 = PCURVE('',#235,#1789);
#1789 = DEFINITIONAL_REPRESENTATION('',(#1790),#1793);
#1790 = B_SPLINE_CURVE_WITH_KNOTS('',1,(#1791,#1792),.UNSPECIFIED.,.F.,
  .F.,(2,2),(-77.3,-0.5),.PIECEWISE_BEZIER_KNOTS.);
#1791 = CARTESIAN_POINT('',(76.8,32.526721264573));
#1792 = CARTESIAN_POINT('',(0.,32.526721264573));
#1793 = ( GEOMETRIC_REPRESENTATION_CONTEXT(2) 
PARAMETRIC_REPRESENTATION_CONTEXT() REPRESENTATION_CONTEXT('2D SPACE',''
  ) );
#1794 = ORIENTED_EDGE('',*,*,#1795,.F.);
#1795 = EDGE_CURVE('',#1672,#1775,#1796,.T.);
#1796 = SURFACE_CURVE('',#1797,(#1801,#1807),.PCURVE_S1.);
#1797 = LINE('',#1798,#1799);
#1798 = CARTESIAN_POINT('',(38.4,12.915655781169,14.242258840598));
#1799 = VECTOR('',#1800,1.);
#1800 = DIRECTION('',(0.,-0.258819045103,0.965925826289));
#1801 = PCURVE('',#262,#1802);
#1802 = DEFINITIONAL_REPRESENTATION('',(#1803),#1806);
#1803 = B_SPLINE_CURVE_WITH_KNOTS('',1,(#1804,#1805),.UNSPECIFIED.,.F.,
  .F.,(2,2),(-3.652667158649,2.855023734065),.PIECEWISE_BEZIER_KNOTS.);
#1804 = CARTESIAN_POINT('',(0.,77.8));
#1805 = CARTESIAN_POINT('',(6.507690892714,77.8));
#1806 = ( GEOMETRIC_REPRESENTATION_CONTEXT(2) 
PARAMETRIC_REPRESENTATION_CONTEXT() REPRESENTATION_CONTEXT('2D SPACE',''
  ) );
#1807 = PCURVE('',#503,#1808);
#1808 = DEFINITIONAL_REPRESENTATION('',(#1809),#1812);
#1809 = B_SPLINE_CURVE_WITH_KNOTS('',1,(#1810,#1811),.UNSPECIFIED.,.F.,
  .F.,(2,2),(-3.652667158649,2.855023734065),.PIECEWISE_BEZIER_KNOTS.);
#1810 = CARTESIAN_POINT('',(10.714053297221,-68.21103560724));
#1811 = CARTESIAN_POINT('',(17.,-66.52672126457));
#1812 = ( GEOMETRIC_REPRESENTATION_CONTEXT(2) 
PARAMETRIC_REPRESENTATION_CONTEXT() REPRESENTATION_CONTEXT('2D SPACE',''
  ) );
#1813 = ADVANCED_FACE('',(#1814),#235,.T.);
#1814 = FACE_BOUND('',#1815,.T.);
#1815 = EDGE_LOOP('',(#1816,#1817,#1818,#1841,#1869,#1890));
#1816 = ORIENTED_EDGE('',*,*,#219,.F.);
#1817 = ORIENTED_EDGE('',*,*,#1774,.F.);
#1818 = ORIENTED_EDGE('',*,*,#1819,.T.);
#1819 = EDGE_CURVE('',#1775,#1820,#1822,.T.);
#1820 = VERTEX_POINT('',#1821);
#1821 = CARTESIAN_POINT('',(38.4,19.15,17.));
#1822 = SURFACE_CURVE('',#1823,(#1827,#1834),.PCURVE_S1.);
#1823 = LINE('',#1824,#1825);
#1824 = CARTESIAN_POINT('',(38.4,-20.35,17.));
#1825 = VECTOR('',#1826,1.);
#1826 = DIRECTION('',(-0.,1.,0.));
#1827 = PCURVE('',#235,#1828);
#1828 = DEFINITIONAL_REPRESENTATION('',(#1829),#1833);
#1829 = LINE('',#1830,#1831);
#1830 = CARTESIAN_POINT('',(76.8,0.));
#1831 = VECTOR('',#1832,1.);
#1832 = DIRECTION('',(0.,1.));
#1833 = ( GEOMETRIC_REPRESENTATION_CONTEXT(2) 
PARAMETRIC_REPRESENTATION_CONTEXT() REPRESENTATION_CONTEXT('2D SPACE',''
  ) );
#1834 = PCURVE('',#503,#1835);
#1835 = DEFINITIONAL_REPRESENTATION('',(#1836),#1840);
#1836 = LINE('',#1837,#1838);
#1837 = CARTESIAN_POINT('',(17.,-34.));
#1838 = VECTOR('',#1839,1.);
#1839 = DIRECTION('',(0.,-1.));
#1840 = ( GEOMETRIC_REPRESENTATION_CONTEXT(2) 
PARAMETRIC_REPRESENTATION_CONTEXT() REPRESENTATION_CONTEXT('2D SPACE',''
  ) );
#1841 = ORIENTED_EDGE('',*,*,#1842,.F.);
#1842 = EDGE_CURVE('',#1843,#1820,#1845,.T.);
#1843 = VERTEX_POINT('',#1844);
#1844 = CARTESIAN_POINT('',(37.2,20.35,17.));
#1845 = SURFACE_CURVE('',#1846,(#1851,#1862),.PCURVE_S1.);
#1846 = CIRCLE('',#1847,1.2);
#1847 = AXIS2_PLACEMENT_3D('',#1848,#1849,#1850);
#1848 = CARTESIAN_POINT('',(37.2,19.15,17.));
#1849 = DIRECTION('',(-0.,-0.,-1.));
#1850 = DIRECTION('',(0.,-1.,0.));
#1851 = PCURVE('',#235,#1852);
#1852 = DEFINITIONAL_REPRESENTATION('',(#1853),#1861);
#1853 = ( BOUNDED_CURVE() B_SPLINE_CURVE(2,(#1854,#1855,#1856,#1857,
#1858,#1859,#1860),.UNSPECIFIED.,.T.,.F.) B_SPLINE_CURVE_WITH_KNOTS((1,2
    ,2,2,2,1),(-2.094395102393,0.,2.094395102393,4.188790204786,
6.28318530718,8.377580409573),.UNSPECIFIED.) CURVE() 
GEOMETRIC_REPRESENTATION_ITEM() RATIONAL_B_SPLINE_CURVE((1.,0.5,1.,0.5,
1.,0.5,1.)) REPRESENTATION_ITEM('') );
#1854 = CARTESIAN_POINT('',(75.6,38.3));
#1855 = CARTESIAN_POINT('',(73.521539030917,38.3));
#1856 = CARTESIAN_POINT('',(74.560769515459,40.1));
#1857 = CARTESIAN_POINT('',(75.6,41.9));
#1858 = CARTESIAN_POINT('',(76.639230484541,40.1));
#1859 = CARTESIAN_POINT('',(77.678460969083,38.3));
#1860 = CARTESIAN_POINT('',(75.6,38.3));
#1861 = ( GEOMETRIC_REPRESENTATION_CONTEXT(2) 
PARAMETRIC_REPRESENTATION_CONTEXT() REPRESENTATION_CONTEXT('2D SPACE',''
  ) );
#1862 = PCURVE('',#1276,#1863);
#1863 = DEFINITIONAL_REPRESENTATION('',(#1864),#1868);
#1864 = LINE('',#1865,#1866);
#1865 = CARTESIAN_POINT('',(3.14159265359,12.));
#1866 = VECTOR('',#1867,1.);
#1867 = DIRECTION('',(-1.,0.));
#1868 = ( GEOMETRIC_REPRESENTATION_CONTEXT(2) 
PARAMETRIC_REPRESENTATION_CONTEXT() REPRESENTATION_CONTEXT('2D SPACE',''
  ) );
#1869 = ORIENTED_EDGE('',*,*,#1870,.F.);
#1870 = EDGE_CURVE('',#1720,#1843,#1871,.T.);
#1871 = SURFACE_CURVE('',#1872,(#1876,#1883),.PCURVE_S1.);
#1872 = LINE('',#1873,#1874);
#1873 = CARTESIAN_POINT('',(-38.4,20.35,17.));
#1874 = VECTOR('',#1875,1.);
#1875 = DIRECTION('',(1.,0.,-0.));
#1876 = PCURVE('',#235,#1877);
#1877 = DEFINITIONAL_REPRESENTATION('',(#1878),#1882);
#1878 = LINE('',#1879,#1880);
#1879 = CARTESIAN_POINT('',(0.,40.7));
#1880 = VECTOR('',#1881,1.);
#1881 = DIRECTION('',(1.,0.));
#1882 = ( GEOMETRIC_REPRESENTATION_CONTEXT(2) 
PARAMETRIC_REPRESENTATION_CONTEXT() REPRESENTATION_CONTEXT('2D SPACE',''
  ) );
#1883 = PCURVE('',#1243,#1884);
#1884 = DEFINITIONAL_REPRESENTATION('',(#1885),#1889);
#1885 = LINE('',#1886,#1887);
#1886 = CARTESIAN_POINT('',(12.,0.));
#1887 = VECTOR('',#1888,1.);
#1888 = DIRECTION('',(0.,1.));
#1889 = ( GEOMETRIC_REPRESENTATION_CONTEXT(2) 
PARAMETRIC_REPRESENTATION_CONTEXT() REPRESENTATION_CONTEXT('2D SPACE',''
  ) );
#1890 = ORIENTED_EDGE('',*,*,#1742,.F.);
#1891 = ADVANCED_FACE('',(#1892),#446,.F.);
#1892 = FACE_BOUND('',#1893,.F.);
#1893 = EDGE_LOOP('',(#1894,#1895,#1896,#1897));
#1894 = ORIENTED_EDGE('',*,*,#841,.F.);
#1895 = ORIENTED_EDGE('',*,*,#813,.T.);
#1896 = ORIENTED_EDGE('',*,*,#430,.T.);
#1897 = ORIENTED_EDGE('',*,*,#1898,.F.);
#1898 = EDGE_CURVE('',#842,#431,#1899,.T.);
#1899 = SURFACE_CURVE('',#1900,(#1904,#1911),.PCURVE_S1.);
#1900 = LINE('',#1901,#1902);
#1901 = CARTESIAN_POINT('',(37.2,-54.35,0.));
#1902 = VECTOR('',#1903,1.);
#1903 = DIRECTION('',(0.,0.,1.));
#1904 = PCURVE('',#446,#1905);
#1905 = DEFINITIONAL_REPRESENTATION('',(#1906),#1910);
#1906 = LINE('',#1907,#1908);
#1907 = CARTESIAN_POINT('',(0.,75.6));
#1908 = VECTOR('',#1909,1.);
#1909 = DIRECTION('',(1.,0.));
#1910 = ( GEOMETRIC_REPRESENTATION_CONTEXT(2) 
PARAMETRIC_REPRESENTATION_CONTEXT() REPRESENTATION_CONTEXT('2D SPACE',''
  ) );
#1911 = PCURVE('',#475,#1912);
#1912 = DEFINITIONAL_REPRESENTATION('',(#1913),#1917);
#1913 = LINE('',#1914,#1915);
#1914 = CARTESIAN_POINT('',(0.,0.));
#1915 = VECTOR('',#1916,1.);
#1916 = DIRECTION('',(0.,1.));
#1917 = ( GEOMETRIC_REPRESENTATION_CONTEXT(2) 
PARAMETRIC_REPRESENTATION_CONTEXT() REPRESENTATION_CONTEXT('2D SPACE',''
  ) );
#1918 = ADVANCED_FACE('',(#1919),#475,.T.);
#1919 = FACE_BOUND('',#1920,.T.);
#1920 = EDGE_LOOP('',(#1921,#1922,#1943,#1944));
#1921 = ORIENTED_EDGE('',*,*,#864,.T.);
#1922 = ORIENTED_EDGE('',*,*,#1923,.T.);
#1923 = EDGE_CURVE('',#865,#459,#1924,.T.);
#1924 = SURFACE_CURVE('',#1925,(#1929,#1936),.PCURVE_S1.);
#1925 = LINE('',#1926,#1927);
#1926 = CARTESIAN_POINT('',(38.4,-53.15,0.));
#1927 = VECTOR('',#1928,1.);
#1928 = DIRECTION('',(0.,0.,1.));
#1929 = PCURVE('',#475,#1930);
#1930 = DEFINITIONAL_REPRESENTATION('',(#1931),#1935);
#1931 = LINE('',#1932,#1933);
#1932 = CARTESIAN_POINT('',(1.570796326795,0.));
#1933 = VECTOR('',#1934,1.);
#1934 = DIRECTION('',(0.,1.));
#1935 = ( GEOMETRIC_REPRESENTATION_CONTEXT(2) 
PARAMETRIC_REPRESENTATION_CONTEXT() REPRESENTATION_CONTEXT('2D SPACE',''
  ) );
#1936 = PCURVE('',#503,#1937);
#1937 = DEFINITIONAL_REPRESENTATION('',(#1938),#1942);
#1938 = LINE('',#1939,#1940);
#1939 = CARTESIAN_POINT('',(0.,-1.2));
#1940 = VECTOR('',#1941,1.);
#1941 = DIRECTION('',(1.,0.));
#1942 = ( GEOMETRIC_REPRESENTATION_CONTEXT(2) 
PARAMETRIC_REPRESENTATION_CONTEXT() REPRESENTATION_CONTEXT('2D SPACE',''
  ) );
#1943 = ORIENTED_EDGE('',*,*,#458,.F.);
#1944 = ORIENTED_EDGE('',*,*,#1898,.F.);
#1945 = ADVANCED_FACE('',(#1946),#751,.F.);
#1946 = FACE_BOUND('',#1947,.F.);
#1947 = EDGE_LOOP('',(#1948,#1949,#1950,#1951));
#1948 = ORIENTED_EDGE('',*,*,#735,.F.);
#1949 = ORIENTED_EDGE('',*,*,#1002,.T.);
#1950 = ORIENTED_EDGE('',*,*,#1107,.T.);
#1951 = ORIENTED_EDGE('',*,*,#1952,.T.);
#1952 = EDGE_CURVE('',#1108,#707,#1953,.T.);
#1953 = SURFACE_CURVE('',#1954,(#1958,#1965),.PCURVE_S1.);
#1954 = LINE('',#1955,#1956);
#1955 = CARTESIAN_POINT('',(-4.3,-20.35,17.));
#1956 = VECTOR('',#1957,1.);
#1957 = DIRECTION('',(-0.,0.,-1.));
#1958 = PCURVE('',#751,#1959);
#1959 = DEFINITIONAL_REPRESENTATION('',(#1960),#1964);
#1960 = LINE('',#1961,#1962);
#1961 = CARTESIAN_POINT('',(12.,34.1));
#1962 = VECTOR('',#1963,1.);
#1963 = DIRECTION('',(-1.,0.));
#1964 = ( GEOMETRIC_REPRESENTATION_CONTEXT(2) 
PARAMETRIC_REPRESENTATION_CONTEXT() REPRESENTATION_CONTEXT('2D SPACE',''
  ) );
#1965 = PCURVE('',#723,#1966);
#1966 = DEFINITIONAL_REPRESENTATION('',(#1967),#1971);
#1967 = LINE('',#1968,#1969);
#1968 = CARTESIAN_POINT('',(-0.,0.));
#1969 = VECTOR('',#1970,1.);
#1970 = DIRECTION('',(-0.,1.));
#1971 = ( GEOMETRIC_REPRESENTATION_CONTEXT(2) 
PARAMETRIC_REPRESENTATION_CONTEXT() REPRESENTATION_CONTEXT('2D SPACE',''
  ) );
#1972 = ADVANCED_FACE('',(#1973),#503,.T.);
#1973 = FACE_BOUND('',#1974,.T.);
#1974 = EDGE_LOOP('',(#1975,#1976,#1977,#1978,#1999,#2000,#2001,#2022,
    #2023,#2024,#2025,#2026,#2049,#2070));
#1975 = ORIENTED_EDGE('',*,*,#487,.F.);
#1976 = ORIENTED_EDGE('',*,*,#1923,.F.);
#1977 = ORIENTED_EDGE('',*,*,#888,.T.);
#1978 = ORIENTED_EDGE('',*,*,#1979,.T.);
#1979 = EDGE_CURVE('',#889,#1312,#1980,.T.);
#1980 = SURFACE_CURVE('',#1981,(#1985,#1992),.PCURVE_S1.);
#1981 = LINE('',#1982,#1983);
#1982 = CARTESIAN_POINT('',(38.4,23.15,0.));
#1983 = VECTOR('',#1984,1.);
#1984 = DIRECTION('',(0.,0.,1.));
#1985 = PCURVE('',#503,#1986);
#1986 = DEFINITIONAL_REPRESENTATION('',(#1987),#1991);
#1987 = LINE('',#1988,#1989);
#1988 = CARTESIAN_POINT('',(0.,-77.5));
#1989 = VECTOR('',#1990,1.);
#1990 = DIRECTION('',(1.,0.));
#1991 = ( GEOMETRIC_REPRESENTATION_CONTEXT(2) 
PARAMETRIC_REPRESENTATION_CONTEXT() REPRESENTATION_CONTEXT('2D SPACE',''
  ) );
#1992 = PCURVE('',#932,#1993);
#1993 = DEFINITIONAL_REPRESENTATION('',(#1994),#1998);
#1994 = LINE('',#1995,#1996);
#1995 = CARTESIAN_POINT('',(-1.570796326795,0.));
#1996 = VECTOR('',#1997,1.);
#1997 = DIRECTION('',(-0.,1.));
#1998 = ( GEOMETRIC_REPRESENTATION_CONTEXT(2) 
PARAMETRIC_REPRESENTATION_CONTEXT() REPRESENTATION_CONTEXT('2D SPACE',''
  ) );
#1999 = ORIENTED_EDGE('',*,*,#1311,.F.);
#2000 = ORIENTED_EDGE('',*,*,#1288,.T.);
#2001 = ORIENTED_EDGE('',*,*,#2002,.T.);
#2002 = EDGE_CURVE('',#1256,#1820,#2003,.T.);
#2003 = SURFACE_CURVE('',#2004,(#2008,#2015),.PCURVE_S1.);
#2004 = LINE('',#2005,#2006);
#2005 = CARTESIAN_POINT('',(38.4,19.15,5.));
#2006 = VECTOR('',#2007,1.);
#2007 = DIRECTION('',(0.,0.,1.));
#2008 = PCURVE('',#503,#2009);
#2009 = DEFINITIONAL_REPRESENTATION('',(#2010),#2014);
#2010 = LINE('',#2011,#2012);
#2011 = CARTESIAN_POINT('',(5.,-73.5));
#2012 = VECTOR('',#2013,1.);
#2013 = DIRECTION('',(1.,0.));
#2014 = ( GEOMETRIC_REPRESENTATION_CONTEXT(2) 
PARAMETRIC_REPRESENTATION_CONTEXT() REPRESENTATION_CONTEXT('2D SPACE',''
  ) );
#2015 = PCURVE('',#1276,#2016);
#2016 = DEFINITIONAL_REPRESENTATION('',(#2017),#2021);
#2017 = LINE('',#2018,#2019);
#2018 = CARTESIAN_POINT('',(-1.570796326795,0.));
#2019 = VECTOR('',#2020,1.);
#2020 = DIRECTION('',(-0.,1.));
#2021 = ( GEOMETRIC_REPRESENTATION_CONTEXT(2) 
PARAMETRIC_REPRESENTATION_CONTEXT() REPRESENTATION_CONTEXT('2D SPACE',''
  ) );
#2022 = ORIENTED_EDGE('',*,*,#1819,.F.);
#2023 = ORIENTED_EDGE('',*,*,#1795,.F.);
#2024 = ORIENTED_EDGE('',*,*,#1696,.T.);
#2025 = ORIENTED_EDGE('',*,*,#1479,.T.);
#2026 = ORIENTED_EDGE('',*,*,#2027,.F.);
#2027 = EDGE_CURVE('',#2028,#1454,#2030,.T.);
#2028 = VERTEX_POINT('',#2029);
#2029 = CARTESIAN_POINT('',(38.4,-19.15,17.));
#2030 = SURFACE_CURVE('',#2031,(#2035,#2042),.PCURVE_S1.);
#2031 = LINE('',#2032,#2033);
#2032 = CARTESIAN_POINT('',(38.4,-20.35,17.));
#2033 = VECTOR('',#2034,1.);
#2034 = DIRECTION('',(-0.,1.,0.));
#2035 = PCURVE('',#503,#2036);
#2036 = DEFINITIONAL_REPRESENTATION('',(#2037),#2041);
#2037 = LINE('',#2038,#2039);
#2038 = CARTESIAN_POINT('',(17.,-34.));
#2039 = VECTOR('',#2040,1.);
#2040 = DIRECTION('',(0.,-1.));
#2041 = ( GEOMETRIC_REPRESENTATION_CONTEXT(2) 
PARAMETRIC_REPRESENTATION_CONTEXT() REPRESENTATION_CONTEXT('2D SPACE',''
  ) );
#2042 = PCURVE('',#1468,#2043);
#2043 = DEFINITIONAL_REPRESENTATION('',(#2044),#2048);
#2044 = LINE('',#2045,#2046);
#2045 = CARTESIAN_POINT('',(76.8,0.));
#2046 = VECTOR('',#2047,1.);
#2047 = DIRECTION('',(0.,1.));
#2048 = ( GEOMETRIC_REPRESENTATION_CONTEXT(2) 
PARAMETRIC_REPRESENTATION_CONTEXT() REPRESENTATION_CONTEXT('2D SPACE',''
  ) );
#2049 = ORIENTED_EDGE('',*,*,#2050,.F.);
#2050 = EDGE_CURVE('',#516,#2028,#2051,.T.);
#2051 = SURFACE_CURVE('',#2052,(#2056,#2063),.PCURVE_S1.);
#2052 = LINE('',#2053,#2054);
#2053 = CARTESIAN_POINT('',(38.4,-19.15,5.));
#2054 = VECTOR('',#2055,1.);
#2055 = DIRECTION('',(0.,0.,1.));
#2056 = PCURVE('',#503,#2057);
#2057 = DEFINITIONAL_REPRESENTATION('',(#2058),#2062);
#2058 = LINE('',#2059,#2060);
#2059 = CARTESIAN_POINT('',(5.,-35.2));
#2060 = VECTOR('',#2061,1.);
#2061 = DIRECTION('',(1.,0.));
#2062 = ( GEOMETRIC_REPRESENTATION_CONTEXT(2) 
PARAMETRIC_REPRESENTATION_CONTEXT() REPRESENTATION_CONTEXT('2D SPACE',''
  ) );
#2063 = PCURVE('',#555,#2064);
#2064 = DEFINITIONAL_REPRESENTATION('',(#2065),#2069);
#2065 = LINE('',#2066,#2067);
#2066 = CARTESIAN_POINT('',(1.570796326795,0.));
#2067 = VECTOR('',#2068,1.);
#2068 = DIRECTION('',(0.,1.));
#2069 = ( GEOMETRIC_REPRESENTATION_CONTEXT(2) 
PARAMETRIC_REPRESENTATION_CONTEXT() REPRESENTATION_CONTEXT('2D SPACE',''
  ) );
#2070 = ORIENTED_EDGE('',*,*,#515,.F.);
#2071 = ADVANCED_FACE('',(#2072),#723,.T.);
#2072 = FACE_BOUND('',#2073,.F.);
#2073 = EDGE_LOOP('',(#2074,#2075,#2096,#2097));
#2074 = ORIENTED_EDGE('',*,*,#1130,.T.);
#2075 = ORIENTED_EDGE('',*,*,#2076,.T.);
#2076 = EDGE_CURVE('',#1131,#679,#2077,.T.);
#2077 = SURFACE_CURVE('',#2078,(#2082,#2089),.PCURVE_S1.);
#2078 = LINE('',#2079,#2080);
#2079 = CARTESIAN_POINT('',(-3.1,-19.15,17.));
#2080 = VECTOR('',#2081,1.);
#2081 = DIRECTION('',(-0.,0.,-1.));
#2082 = PCURVE('',#723,#2083);
#2083 = DEFINITIONAL_REPRESENTATION('',(#2084),#2088);
#2084 = LINE('',#2085,#2086);
#2085 = CARTESIAN_POINT('',(-1.570796326795,0.));
#2086 = VECTOR('',#2087,1.);
#2087 = DIRECTION('',(-0.,1.));
#2088 = ( GEOMETRIC_REPRESENTATION_CONTEXT(2) 
PARAMETRIC_REPRESENTATION_CONTEXT() REPRESENTATION_CONTEXT('2D SPACE',''
  ) );
#2089 = PCURVE('',#694,#2090);
#2090 = DEFINITIONAL_REPRESENTATION('',(#2091),#2095);
#2091 = LINE('',#2092,#2093);
#2092 = CARTESIAN_POINT('',(12.,-16.55));
#2093 = VECTOR('',#2094,1.);
#2094 = DIRECTION('',(-1.,-0.));
#2095 = ( GEOMETRIC_REPRESENTATION_CONTEXT(2) 
PARAMETRIC_REPRESENTATION_CONTEXT() REPRESENTATION_CONTEXT('2D SPACE',''
  ) );
#2096 = ORIENTED_EDGE('',*,*,#706,.F.);
#2097 = ORIENTED_EDGE('',*,*,#1952,.F.);
#2098 = ADVANCED_FACE('',(#2099),#694,.T.);
#2099 = FACE_BOUND('',#2100,.T.);
#2100 = EDGE_LOOP('',(#2101,#2102,#2103,#2104));
#2101 = ORIENTED_EDGE('',*,*,#1154,.F.);
#2102 = ORIENTED_EDGE('',*,*,#2076,.T.);
#2103 = ORIENTED_EDGE('',*,*,#678,.T.);
#2104 = ORIENTED_EDGE('',*,*,#1412,.F.);
#2105 = ADVANCED_FACE('',(#2106),#555,.T.);
#2106 = FACE_BOUND('',#2107,.T.);
#2107 = EDGE_LOOP('',(#2108,#2109,#2110,#2134));
#2108 = ORIENTED_EDGE('',*,*,#538,.T.);
#2109 = ORIENTED_EDGE('',*,*,#2050,.T.);
#2110 = ORIENTED_EDGE('',*,*,#2111,.F.);
#2111 = EDGE_CURVE('',#2112,#2028,#2114,.T.);
#2112 = VERTEX_POINT('',#2113);
#2113 = CARTESIAN_POINT('',(37.2,-20.35,17.));
#2114 = SURFACE_CURVE('',#2115,(#2120,#2127),.PCURVE_S1.);
#2115 = CIRCLE('',#2116,1.2);
#2116 = AXIS2_PLACEMENT_3D('',#2117,#2118,#2119);
#2117 = CARTESIAN_POINT('',(37.2,-19.15,17.));
#2118 = DIRECTION('',(0.,0.,1.));
#2119 = DIRECTION('',(0.,-1.,0.));
#2120 = PCURVE('',#555,#2121);
#2121 = DEFINITIONAL_REPRESENTATION('',(#2122),#2126);
#2122 = LINE('',#2123,#2124);
#2123 = CARTESIAN_POINT('',(0.,12.));
#2124 = VECTOR('',#2125,1.);
#2125 = DIRECTION('',(1.,0.));
#2126 = ( GEOMETRIC_REPRESENTATION_CONTEXT(2) 
PARAMETRIC_REPRESENTATION_CONTEXT() REPRESENTATION_CONTEXT('2D SPACE',''
  ) );
#2127 = PCURVE('',#1468,#2128);
#2128 = DEFINITIONAL_REPRESENTATION('',(#2129),#2133);
#2129 = CIRCLE('',#2130,1.2);
#2130 = AXIS2_PLACEMENT_2D('',#2131,#2132);
#2131 = CARTESIAN_POINT('',(75.6,1.2));
#2132 = DIRECTION('',(0.,-1.));
#2133 = ( GEOMETRIC_REPRESENTATION_CONTEXT(2) 
PARAMETRIC_REPRESENTATION_CONTEXT() REPRESENTATION_CONTEXT('2D SPACE',''
  ) );
#2134 = ORIENTED_EDGE('',*,*,#2135,.F.);
#2135 = EDGE_CURVE('',#539,#2112,#2136,.T.);
#2136 = SURFACE_CURVE('',#2137,(#2141,#2148),.PCURVE_S1.);
#2137 = LINE('',#2138,#2139);
#2138 = CARTESIAN_POINT('',(37.2,-20.35,5.));
#2139 = VECTOR('',#2140,1.);
#2140 = DIRECTION('',(0.,0.,1.));
#2141 = PCURVE('',#555,#2142);
#2142 = DEFINITIONAL_REPRESENTATION('',(#2143),#2147);
#2143 = LINE('',#2144,#2145);
#2144 = CARTESIAN_POINT('',(0.,0.));
#2145 = VECTOR('',#2146,1.);
#2146 = DIRECTION('',(0.,1.));
#2147 = ( GEOMETRIC_REPRESENTATION_CONTEXT(2) 
PARAMETRIC_REPRESENTATION_CONTEXT() REPRESENTATION_CONTEXT('2D SPACE',''
  ) );
#2148 = PCURVE('',#583,#2149);
#2149 = DEFINITIONAL_REPRESENTATION('',(#2150),#2154);
#2150 = LINE('',#2151,#2152);
#2151 = CARTESIAN_POINT('',(0.,75.6));
#2152 = VECTOR('',#2153,1.);
#2153 = DIRECTION('',(1.,0.));
#2154 = ( GEOMETRIC_REPRESENTATION_CONTEXT(2) 
PARAMETRIC_REPRESENTATION_CONTEXT() REPRESENTATION_CONTEXT('2D SPACE',''
  ) );
#2155 = ADVANCED_FACE('',(#2156),#583,.F.);
#2156 = FACE_BOUND('',#2157,.F.);
#2157 = EDGE_LOOP('',(#2158,#2159,#2182,#2203));
#2158 = ORIENTED_EDGE('',*,*,#567,.F.);
#2159 = ORIENTED_EDGE('',*,*,#2160,.F.);
#2160 = EDGE_CURVE('',#2161,#568,#2163,.T.);
#2161 = VERTEX_POINT('',#2162);
#2162 = CARTESIAN_POINT('',(4.3,-20.35,17.));
#2163 = SURFACE_CURVE('',#2164,(#2168,#2175),.PCURVE_S1.);
#2164 = LINE('',#2165,#2166);
#2165 = CARTESIAN_POINT('',(4.3,-20.35,17.));
#2166 = VECTOR('',#2167,1.);
#2167 = DIRECTION('',(-0.,0.,-1.));
#2168 = PCURVE('',#583,#2169);
#2169 = DEFINITIONAL_REPRESENTATION('',(#2170),#2174);
#2170 = LINE('',#2171,#2172);
#2171 = CARTESIAN_POINT('',(12.,42.7));
#2172 = VECTOR('',#2173,1.);
#2173 = DIRECTION('',(-1.,0.));
#2174 = ( GEOMETRIC_REPRESENTATION_CONTEXT(2) 
PARAMETRIC_REPRESENTATION_CONTEXT() REPRESENTATION_CONTEXT('2D SPACE',''
  ) );
#2175 = PCURVE('',#616,#2176);
#2176 = DEFINITIONAL_REPRESENTATION('',(#2177),#2181);
#2177 = LINE('',#2178,#2179);
#2178 = CARTESIAN_POINT('',(0.,0.));
#2179 = VECTOR('',#2180,1.);
#2180 = DIRECTION('',(0.,1.));
#2181 = ( GEOMETRIC_REPRESENTATION_CONTEXT(2) 
PARAMETRIC_REPRESENTATION_CONTEXT() REPRESENTATION_CONTEXT('2D SPACE',''
  ) );
#2182 = ORIENTED_EDGE('',*,*,#2183,.T.);
#2183 = EDGE_CURVE('',#2161,#2112,#2184,.T.);
#2184 = SURFACE_CURVE('',#2185,(#2189,#2196),.PCURVE_S1.);
#2185 = LINE('',#2186,#2187);
#2186 = CARTESIAN_POINT('',(-38.4,-20.35,17.));
#2187 = VECTOR('',#2188,1.);
#2188 = DIRECTION('',(1.,0.,-0.));
#2189 = PCURVE('',#583,#2190);
#2190 = DEFINITIONAL_REPRESENTATION('',(#2191),#2195);
#2191 = LINE('',#2192,#2193);
#2192 = CARTESIAN_POINT('',(12.,0.));
#2193 = VECTOR('',#2194,1.);
#2194 = DIRECTION('',(0.,1.));
#2195 = ( GEOMETRIC_REPRESENTATION_CONTEXT(2) 
PARAMETRIC_REPRESENTATION_CONTEXT() REPRESENTATION_CONTEXT('2D SPACE',''
  ) );
#2196 = PCURVE('',#1468,#2197);
#2197 = DEFINITIONAL_REPRESENTATION('',(#2198),#2202);
#2198 = LINE('',#2199,#2200);
#2199 = CARTESIAN_POINT('',(0.,0.));
#2200 = VECTOR('',#2201,1.);
#2201 = DIRECTION('',(1.,0.));
#2202 = ( GEOMETRIC_REPRESENTATION_CONTEXT(2) 
PARAMETRIC_REPRESENTATION_CONTEXT() REPRESENTATION_CONTEXT('2D SPACE',''
  ) );
#2203 = ORIENTED_EDGE('',*,*,#2135,.F.);
#2204 = ADVANCED_FACE('',(#2205),#644,.F.);
#2205 = FACE_BOUND('',#2206,.F.);
#2206 = EDGE_LOOP('',(#2207,#2228,#2249,#2250));
#2207 = ORIENTED_EDGE('',*,*,#2208,.F.);
#2208 = EDGE_CURVE('',#2209,#1433,#2211,.T.);
#2209 = VERTEX_POINT('',#2210);
#2210 = CARTESIAN_POINT('',(3.1,-19.15,17.));
#2211 = SURFACE_CURVE('',#2212,(#2216,#2222),.PCURVE_S1.);
#2212 = LINE('',#2213,#2214);
#2213 = CARTESIAN_POINT('',(3.1,-28.025,17.));
#2214 = VECTOR('',#2215,1.);
#2215 = DIRECTION('',(-0.,1.,0.));
#2216 = PCURVE('',#644,#2217);
#2217 = DEFINITIONAL_REPRESENTATION('',(#2218),#2221);
#2218 = B_SPLINE_CURVE_WITH_KNOTS('',1,(#2219,#2220),.UNSPECIFIED.,.F.,
  .F.,(2,2),(7.675,10.489294886804),.PIECEWISE_BEZIER_KNOTS.);
#2219 = CARTESIAN_POINT('',(12.,-15.35));
#2220 = CARTESIAN_POINT('',(12.,-18.1642948868));
#2221 = ( GEOMETRIC_REPRESENTATION_CONTEXT(2) 
PARAMETRIC_REPRESENTATION_CONTEXT() REPRESENTATION_CONTEXT('2D SPACE',''
  ) );
#2222 = PCURVE('',#1468,#2223);
#2223 = DEFINITIONAL_REPRESENTATION('',(#2224),#2227);
#2224 = B_SPLINE_CURVE_WITH_KNOTS('',1,(#2225,#2226),.UNSPECIFIED.,.F.,
  .F.,(2,2),(7.675,10.489294886804),.PIECEWISE_BEZIER_KNOTS.);
#2225 = CARTESIAN_POINT('',(41.5,0.));
#2226 = CARTESIAN_POINT('',(41.5,2.814294886804));
#2227 = ( GEOMETRIC_REPRESENTATION_CONTEXT(2) 
PARAMETRIC_REPRESENTATION_CONTEXT() REPRESENTATION_CONTEXT('2D SPACE',''
  ) );
#2228 = ORIENTED_EDGE('',*,*,#2229,.T.);
#2229 = EDGE_CURVE('',#2209,#596,#2230,.T.);
#2230 = SURFACE_CURVE('',#2231,(#2235,#2242),.PCURVE_S1.);
#2231 = LINE('',#2232,#2233);
#2232 = CARTESIAN_POINT('',(3.1,-19.15,17.));
#2233 = VECTOR('',#2234,1.);
#2234 = DIRECTION('',(-0.,0.,-1.));
#2235 = PCURVE('',#644,#2236);
#2236 = DEFINITIONAL_REPRESENTATION('',(#2237),#2241);
#2237 = LINE('',#2238,#2239);
#2238 = CARTESIAN_POINT('',(12.,-16.55));
#2239 = VECTOR('',#2240,1.);
#2240 = DIRECTION('',(-1.,-0.));
#2241 = ( GEOMETRIC_REPRESENTATION_CONTEXT(2) 
PARAMETRIC_REPRESENTATION_CONTEXT() REPRESENTATION_CONTEXT('2D SPACE',''
  ) );
#2242 = PCURVE('',#616,#2243);
#2243 = DEFINITIONAL_REPRESENTATION('',(#2244),#2248);
#2244 = LINE('',#2245,#2246);
#2245 = CARTESIAN_POINT('',(1.570796326795,0.));
#2246 = VECTOR('',#2247,1.);
#2247 = DIRECTION('',(0.,1.));
#2248 = ( GEOMETRIC_REPRESENTATION_CONTEXT(2) 
PARAMETRIC_REPRESENTATION_CONTEXT() REPRESENTATION_CONTEXT('2D SPACE',''
  ) );
#2249 = ORIENTED_EDGE('',*,*,#628,.T.);
#2250 = ORIENTED_EDGE('',*,*,#1432,.F.);
#2251 = ADVANCED_FACE('',(#2252),#616,.T.);
#2252 = FACE_BOUND('',#2253,.T.);
#2253 = EDGE_LOOP('',(#2254,#2280,#2281,#2282));
#2254 = ORIENTED_EDGE('',*,*,#2255,.T.);
#2255 = EDGE_CURVE('',#2161,#2209,#2256,.T.);
#2256 = SURFACE_CURVE('',#2257,(#2262,#2269),.PCURVE_S1.);
#2257 = CIRCLE('',#2258,1.2);
#2258 = AXIS2_PLACEMENT_3D('',#2259,#2260,#2261);
#2259 = CARTESIAN_POINT('',(4.3,-19.15,17.));
#2260 = DIRECTION('',(-0.,0.,-1.));
#2261 = DIRECTION('',(0.,1.,0.));
#2262 = PCURVE('',#616,#2263);
#2263 = DEFINITIONAL_REPRESENTATION('',(#2264),#2268);
#2264 = LINE('',#2265,#2266);
#2265 = CARTESIAN_POINT('',(-3.14159265359,0.));
#2266 = VECTOR('',#2267,1.);
#2267 = DIRECTION('',(1.,0.));
#2268 = ( GEOMETRIC_REPRESENTATION_CONTEXT(2) 
PARAMETRIC_REPRESENTATION_CONTEXT() REPRESENTATION_CONTEXT('2D SPACE',''
  ) );
#2269 = PCURVE('',#1468,#2270);
#2270 = DEFINITIONAL_REPRESENTATION('',(#2271),#2279);
#2271 = ( BOUNDED_CURVE() B_SPLINE_CURVE(2,(#2272,#2273,#2274,#2275,
#2276,#2277,#2278),.UNSPECIFIED.,.T.,.F.) B_SPLINE_CURVE_WITH_KNOTS((1,2
    ,2,2,2,1),(-2.094395102393,0.,2.094395102393,4.188790204786,
6.28318530718,8.377580409573),.UNSPECIFIED.) CURVE() 
GEOMETRIC_REPRESENTATION_ITEM() RATIONAL_B_SPLINE_CURVE((1.,0.5,1.,0.5,
1.,0.5,1.)) REPRESENTATION_ITEM('') );
#2272 = CARTESIAN_POINT('',(42.7,2.4));
#2273 = CARTESIAN_POINT('',(44.778460969083,2.4));
#2274 = CARTESIAN_POINT('',(43.739230484541,0.6));
#2275 = CARTESIAN_POINT('',(42.7,-1.2));
#2276 = CARTESIAN_POINT('',(41.660769515459,0.6));
#2277 = CARTESIAN_POINT('',(40.621539030917,2.4));
#2278 = CARTESIAN_POINT('',(42.7,2.4));
#2279 = ( GEOMETRIC_REPRESENTATION_CONTEXT(2) 
PARAMETRIC_REPRESENTATION_CONTEXT() REPRESENTATION_CONTEXT('2D SPACE',''
  ) );
#2280 = ORIENTED_EDGE('',*,*,#2229,.T.);
#2281 = ORIENTED_EDGE('',*,*,#595,.F.);
#2282 = ORIENTED_EDGE('',*,*,#2160,.F.);
#2283 = ADVANCED_FACE('',(#2284),#960,.T.);
#2284 = FACE_BOUND('',#2285,.T.);
#2285 = EDGE_LOOP('',(#2286,#2287,#2288,#2289));
#2286 = ORIENTED_EDGE('',*,*,#944,.F.);
#2287 = ORIENTED_EDGE('',*,*,#1052,.T.);
#2288 = ORIENTED_EDGE('',*,*,#1362,.T.);
#2289 = ORIENTED_EDGE('',*,*,#2290,.F.);
#2290 = EDGE_CURVE('',#912,#1335,#2291,.T.);
#2291 = SURFACE_CURVE('',#2292,(#2296,#2303),.PCURVE_S1.);
#2292 = LINE('',#2293,#2294);
#2293 = CARTESIAN_POINT('',(37.2,24.35,0.));
#2294 = VECTOR('',#2295,1.);
#2295 = DIRECTION('',(0.,0.,1.));
#2296 = PCURVE('',#960,#2297);
#2297 = DEFINITIONAL_REPRESENTATION('',(#2298),#2302);
#2298 = LINE('',#2299,#2300);
#2299 = CARTESIAN_POINT('',(0.,75.6));
#2300 = VECTOR('',#2301,1.);
#2301 = DIRECTION('',(1.,0.));
#2302 = ( GEOMETRIC_REPRESENTATION_CONTEXT(2) 
PARAMETRIC_REPRESENTATION_CONTEXT() REPRESENTATION_CONTEXT('2D SPACE',''
  ) );
#2303 = PCURVE('',#932,#2304);
#2304 = DEFINITIONAL_REPRESENTATION('',(#2305),#2309);
#2305 = LINE('',#2306,#2307);
#2306 = CARTESIAN_POINT('',(-0.,0.));
#2307 = VECTOR('',#2308,1.);
#2308 = DIRECTION('',(-0.,1.));
#2309 = ( GEOMETRIC_REPRESENTATION_CONTEXT(2) 
PARAMETRIC_REPRESENTATION_CONTEXT() REPRESENTATION_CONTEXT('2D SPACE',''
  ) );
#2310 = ADVANCED_FACE('',(#2311),#932,.T.);
#2311 = FACE_BOUND('',#2312,.F.);
#2312 = EDGE_LOOP('',(#2313,#2314,#2315,#2316));
#2313 = ORIENTED_EDGE('',*,*,#911,.T.);
#2314 = ORIENTED_EDGE('',*,*,#1979,.T.);
#2315 = ORIENTED_EDGE('',*,*,#1334,.F.);
#2316 = ORIENTED_EDGE('',*,*,#2290,.F.);
#2317 = ADVANCED_FACE('',(#2318),#1243,.T.);
#2318 = FACE_BOUND('',#2319,.T.);
#2319 = EDGE_LOOP('',(#2320,#2321,#2322,#2323));
#2320 = ORIENTED_EDGE('',*,*,#1227,.F.);
#2321 = ORIENTED_EDGE('',*,*,#1719,.T.);
#2322 = ORIENTED_EDGE('',*,*,#1870,.T.);
#2323 = ORIENTED_EDGE('',*,*,#2324,.F.);
#2324 = EDGE_CURVE('',#1228,#1843,#2325,.T.);
#2325 = SURFACE_CURVE('',#2326,(#2330,#2337),.PCURVE_S1.);
#2326 = LINE('',#2327,#2328);
#2327 = CARTESIAN_POINT('',(37.2,20.35,5.));
#2328 = VECTOR('',#2329,1.);
#2329 = DIRECTION('',(0.,0.,1.));
#2330 = PCURVE('',#1243,#2331);
#2331 = DEFINITIONAL_REPRESENTATION('',(#2332),#2336);
#2332 = LINE('',#2333,#2334);
#2333 = CARTESIAN_POINT('',(0.,75.6));
#2334 = VECTOR('',#2335,1.);
#2335 = DIRECTION('',(1.,0.));
#2336 = ( GEOMETRIC_REPRESENTATION_CONTEXT(2) 
PARAMETRIC_REPRESENTATION_CONTEXT() REPRESENTATION_CONTEXT('2D SPACE',''
  ) );
#2337 = PCURVE('',#1276,#2338);
#2338 = DEFINITIONAL_REPRESENTATION('',(#2339),#2343);
#2339 = LINE('',#2340,#2341);
#2340 = CARTESIAN_POINT('',(-0.,0.));
#2341 = VECTOR('',#2342,1.);
#2342 = DIRECTION('',(-0.,1.));
#2343 = ( GEOMETRIC_REPRESENTATION_CONTEXT(2) 
PARAMETRIC_REPRESENTATION_CONTEXT() REPRESENTATION_CONTEXT('2D SPACE',''
  ) );
#2344 = ADVANCED_FACE('',(#2345),#1276,.T.);
#2345 = FACE_BOUND('',#2346,.F.);
#2346 = EDGE_LOOP('',(#2347,#2348,#2349,#2350));
#2347 = ORIENTED_EDGE('',*,*,#1255,.T.);
#2348 = ORIENTED_EDGE('',*,*,#2002,.T.);
#2349 = ORIENTED_EDGE('',*,*,#1842,.F.);
#2350 = ORIENTED_EDGE('',*,*,#2324,.F.);
#2351 = ADVANCED_FACE('',(#2352),#1468,.T.);
#2352 = FACE_BOUND('',#2353,.T.);
#2353 = EDGE_LOOP('',(#2354,#2355,#2356,#2357,#2358,#2359));
#2354 = ORIENTED_EDGE('',*,*,#2208,.F.);
#2355 = ORIENTED_EDGE('',*,*,#2255,.F.);
#2356 = ORIENTED_EDGE('',*,*,#2183,.T.);
#2357 = ORIENTED_EDGE('',*,*,#2111,.T.);
#2358 = ORIENTED_EDGE('',*,*,#2027,.T.);
#2359 = ORIENTED_EDGE('',*,*,#1453,.T.);
#2360 = ADVANCED_FACE('',(#2361),#1518,.F.);
#2361 = FACE_BOUND('',#2362,.F.);
#2362 = EDGE_LOOP('',(#2363,#2386,#2407));
#2363 = ORIENTED_EDGE('',*,*,#2364,.T.);
#2364 = EDGE_CURVE('',#1502,#2365,#2367,.T.);
#2365 = VERTEX_POINT('',#2366);
#2366 = CARTESIAN_POINT('',(3.1,-6.2,5.));
#2367 = SURFACE_CURVE('',#2368,(#2372,#2379),.PCURVE_S1.);
#2368 = LINE('',#2369,#2370);
#2369 = CARTESIAN_POINT('',(3.1,-35.7,5.));
#2370 = VECTOR('',#2371,1.);
#2371 = DIRECTION('',(-0.,1.,0.));
#2372 = PCURVE('',#1518,#2373);
#2373 = DEFINITIONAL_REPRESENTATION('',(#2374),#2378);
#2374 = LINE('',#2375,#2376);
#2375 = CARTESIAN_POINT('',(0.,0.));
#2376 = VECTOR('',#2377,1.);
#2377 = DIRECTION('',(0.,-1.));
#2378 = ( GEOMETRIC_REPRESENTATION_CONTEXT(2) 
PARAMETRIC_REPRESENTATION_CONTEXT() REPRESENTATION_CONTEXT('2D SPACE',''
  ) );
#2379 = PCURVE('',#1544,#2380);
#2380 = DEFINITIONAL_REPRESENTATION('',(#2381),#2385);
#2381 = LINE('',#2382,#2383);
#2382 = CARTESIAN_POINT('',(6.2,0.));
#2383 = VECTOR('',#2384,1.);
#2384 = DIRECTION('',(0.,1.));
#2385 = ( GEOMETRIC_REPRESENTATION_CONTEXT(2) 
PARAMETRIC_REPRESENTATION_CONTEXT() REPRESENTATION_CONTEXT('2D SPACE',''
  ) );
#2386 = ORIENTED_EDGE('',*,*,#2387,.T.);
#2387 = EDGE_CURVE('',#2365,#1504,#2388,.T.);
#2388 = SURFACE_CURVE('',#2389,(#2393,#2400),.PCURVE_S1.);
#2389 = LINE('',#2390,#2391);
#2390 = CARTESIAN_POINT('',(3.1,-6.2,5.));
#2391 = VECTOR('',#2392,1.);
#2392 = DIRECTION('',(0.,0.,1.));
#2393 = PCURVE('',#1518,#2394);
#2394 = DEFINITIONAL_REPRESENTATION('',(#2395),#2399);
#2395 = LINE('',#2396,#2397);
#2396 = CARTESIAN_POINT('',(0.,-29.5));
#2397 = VECTOR('',#2398,1.);
#2398 = DIRECTION('',(1.,0.));
#2399 = ( GEOMETRIC_REPRESENTATION_CONTEXT(2) 
PARAMETRIC_REPRESENTATION_CONTEXT() REPRESENTATION_CONTEXT('2D SPACE',''
  ) );
#2400 = PCURVE('',#1654,#2401);
#2401 = DEFINITIONAL_REPRESENTATION('',(#2402),#2406);
#2402 = LINE('',#2403,#2404);
#2403 = CARTESIAN_POINT('',(0.,0.));
#2404 = VECTOR('',#2405,1.);
#2405 = DIRECTION('',(0.,1.));
#2406 = ( GEOMETRIC_REPRESENTATION_CONTEXT(2) 
PARAMETRIC_REPRESENTATION_CONTEXT() REPRESENTATION_CONTEXT('2D SPACE',''
  ) );
#2407 = ORIENTED_EDGE('',*,*,#1501,.F.);
#2408 = ADVANCED_FACE('',(#2409),#1654,.F.);
#2409 = FACE_BOUND('',#2410,.F.);
#2410 = EDGE_LOOP('',(#2411,#2435,#2456,#2457));
#2411 = ORIENTED_EDGE('',*,*,#2412,.T.);
#2412 = EDGE_CURVE('',#2365,#2413,#2415,.T.);
#2413 = VERTEX_POINT('',#2414);
#2414 = CARTESIAN_POINT('',(1.9,-5.,5.));
#2415 = SURFACE_CURVE('',#2416,(#2421,#2428),.PCURVE_S1.);
#2416 = CIRCLE('',#2417,1.2);
#2417 = AXIS2_PLACEMENT_3D('',#2418,#2419,#2420);
#2418 = CARTESIAN_POINT('',(1.9,-6.2,5.));
#2419 = DIRECTION('',(0.,0.,1.));
#2420 = DIRECTION('',(0.,-1.,0.));
#2421 = PCURVE('',#1654,#2422);
#2422 = DEFINITIONAL_REPRESENTATION('',(#2423),#2427);
#2423 = LINE('',#2424,#2425);
#2424 = CARTESIAN_POINT('',(-1.570796326795,0.));
#2425 = VECTOR('',#2426,1.);
#2426 = DIRECTION('',(1.,0.));
#2427 = ( GEOMETRIC_REPRESENTATION_CONTEXT(2) 
PARAMETRIC_REPRESENTATION_CONTEXT() REPRESENTATION_CONTEXT('2D SPACE',''
  ) );
#2428 = PCURVE('',#1544,#2429);
#2429 = DEFINITIONAL_REPRESENTATION('',(#2430),#2434);
#2430 = CIRCLE('',#2431,1.2);
#2431 = AXIS2_PLACEMENT_2D('',#2432,#2433);
#2432 = CARTESIAN_POINT('',(5.,29.5));
#2433 = DIRECTION('',(0.,-1.));
#2434 = ( GEOMETRIC_REPRESENTATION_CONTEXT(2) 
PARAMETRIC_REPRESENTATION_CONTEXT() REPRESENTATION_CONTEXT('2D SPACE',''
  ) );
#2435 = ORIENTED_EDGE('',*,*,#2436,.T.);
#2436 = EDGE_CURVE('',#2413,#1614,#2437,.T.);
#2437 = SURFACE_CURVE('',#2438,(#2442,#2449),.PCURVE_S1.);
#2438 = LINE('',#2439,#2440);
#2439 = CARTESIAN_POINT('',(1.9,-5.,5.));
#2440 = VECTOR('',#2441,1.);
#2441 = DIRECTION('',(0.,0.,1.));
#2442 = PCURVE('',#1654,#2443);
#2443 = DEFINITIONAL_REPRESENTATION('',(#2444),#2448);
#2444 = LINE('',#2445,#2446);
#2445 = CARTESIAN_POINT('',(1.570796326795,0.));
#2446 = VECTOR('',#2447,1.);
#2447 = DIRECTION('',(0.,1.));
#2448 = ( GEOMETRIC_REPRESENTATION_CONTEXT(2) 
PARAMETRIC_REPRESENTATION_CONTEXT() REPRESENTATION_CONTEXT('2D SPACE',''
  ) );
#2449 = PCURVE('',#1628,#2450);
#2450 = DEFINITIONAL_REPRESENTATION('',(#2451),#2455);
#2451 = LINE('',#2452,#2453);
#2452 = CARTESIAN_POINT('',(0.,5.));
#2453 = VECTOR('',#2454,1.);
#2454 = DIRECTION('',(1.,0.));
#2455 = ( GEOMETRIC_REPRESENTATION_CONTEXT(2) 
PARAMETRIC_REPRESENTATION_CONTEXT() REPRESENTATION_CONTEXT('2D SPACE',''
  ) );
#2456 = ORIENTED_EDGE('',*,*,#1639,.F.);
#2457 = ORIENTED_EDGE('',*,*,#2387,.F.);
#2458 = ADVANCED_FACE('',(#2459),#1544,.T.);
#2459 = FACE_BOUND('',#2460,.T.);
#2460 = EDGE_LOOP('',(#2461,#2484,#2485,#2486,#2487,#2510));
#2461 = ORIENTED_EDGE('',*,*,#2462,.F.);
#2462 = EDGE_CURVE('',#1530,#2463,#2465,.T.);
#2463 = VERTEX_POINT('',#2464);
#2464 = CARTESIAN_POINT('',(-3.1,-6.2,5.));
#2465 = SURFACE_CURVE('',#2466,(#2470,#2477),.PCURVE_S1.);
#2466 = LINE('',#2467,#2468);
#2467 = CARTESIAN_POINT('',(-3.1,-35.7,5.));
#2468 = VECTOR('',#2469,1.);
#2469 = DIRECTION('',(-0.,1.,0.));
#2470 = PCURVE('',#1544,#2471);
#2471 = DEFINITIONAL_REPRESENTATION('',(#2472),#2476);
#2472 = LINE('',#2473,#2474);
#2473 = CARTESIAN_POINT('',(0.,0.));
#2474 = VECTOR('',#2475,1.);
#2475 = DIRECTION('',(0.,1.));
#2476 = ( GEOMETRIC_REPRESENTATION_CONTEXT(2) 
PARAMETRIC_REPRESENTATION_CONTEXT() REPRESENTATION_CONTEXT('2D SPACE',''
  ) );
#2477 = PCURVE('',#1570,#2478);
#2478 = DEFINITIONAL_REPRESENTATION('',(#2479),#2483);
#2479 = LINE('',#2480,#2481);
#2480 = CARTESIAN_POINT('',(0.,0.));
#2481 = VECTOR('',#2482,1.);
#2482 = DIRECTION('',(0.,-1.));
#2483 = ( GEOMETRIC_REPRESENTATION_CONTEXT(2) 
PARAMETRIC_REPRESENTATION_CONTEXT() REPRESENTATION_CONTEXT('2D SPACE',''
  ) );
#2484 = ORIENTED_EDGE('',*,*,#1529,.F.);
#2485 = ORIENTED_EDGE('',*,*,#2364,.T.);
#2486 = ORIENTED_EDGE('',*,*,#2412,.T.);
#2487 = ORIENTED_EDGE('',*,*,#2488,.F.);
#2488 = EDGE_CURVE('',#2489,#2413,#2491,.T.);
#2489 = VERTEX_POINT('',#2490);
#2490 = CARTESIAN_POINT('',(-1.9,-5.,5.));
#2491 = SURFACE_CURVE('',#2492,(#2496,#2503),.PCURVE_S1.);
#2492 = LINE('',#2493,#2494);
#2493 = CARTESIAN_POINT('',(-3.1,-5.,5.));
#2494 = VECTOR('',#2495,1.);
#2495 = DIRECTION('',(1.,0.,-0.));
#2496 = PCURVE('',#1544,#2497);
#2497 = DEFINITIONAL_REPRESENTATION('',(#2498),#2502);
#2498 = LINE('',#2499,#2500);
#2499 = CARTESIAN_POINT('',(0.,30.7));
#2500 = VECTOR('',#2501,1.);
#2501 = DIRECTION('',(1.,0.));
#2502 = ( GEOMETRIC_REPRESENTATION_CONTEXT(2) 
PARAMETRIC_REPRESENTATION_CONTEXT() REPRESENTATION_CONTEXT('2D SPACE',''
  ) );
#2503 = PCURVE('',#1628,#2504);
#2504 = DEFINITIONAL_REPRESENTATION('',(#2505),#2509);
#2505 = LINE('',#2506,#2507);
#2506 = CARTESIAN_POINT('',(0.,0.));
#2507 = VECTOR('',#2508,1.);
#2508 = DIRECTION('',(0.,1.));
#2509 = ( GEOMETRIC_REPRESENTATION_CONTEXT(2) 
PARAMETRIC_REPRESENTATION_CONTEXT() REPRESENTATION_CONTEXT('2D SPACE',''
  ) );
#2510 = ORIENTED_EDGE('',*,*,#2511,.T.);
#2511 = EDGE_CURVE('',#2489,#2463,#2512,.T.);
#2512 = SURFACE_CURVE('',#2513,(#2518,#2525),.PCURVE_S1.);
#2513 = CIRCLE('',#2514,1.2);
#2514 = AXIS2_PLACEMENT_3D('',#2515,#2516,#2517);
#2515 = CARTESIAN_POINT('',(-1.9,-6.2,5.));
#2516 = DIRECTION('',(0.,0.,1.));
#2517 = DIRECTION('',(0.,-1.,0.));
#2518 = PCURVE('',#1544,#2519);
#2519 = DEFINITIONAL_REPRESENTATION('',(#2520),#2524);
#2520 = CIRCLE('',#2521,1.2);
#2521 = AXIS2_PLACEMENT_2D('',#2522,#2523);
#2522 = CARTESIAN_POINT('',(1.2,29.5));
#2523 = DIRECTION('',(0.,-1.));
#2524 = ( GEOMETRIC_REPRESENTATION_CONTEXT(2) 
PARAMETRIC_REPRESENTATION_CONTEXT() REPRESENTATION_CONTEXT('2D SPACE',''
  ) );
#2525 = PCURVE('',#1598,#2526);
#2526 = DEFINITIONAL_REPRESENTATION('',(#2527),#2531);
#2527 = LINE('',#2528,#2529);
#2528 = CARTESIAN_POINT('',(-3.14159265359,0.));
#2529 = VECTOR('',#2530,1.);
#2530 = DIRECTION('',(1.,0.));
#2531 = ( GEOMETRIC_REPRESENTATION_CONTEXT(2) 
PARAMETRIC_REPRESENTATION_CONTEXT() REPRESENTATION_CONTEXT('2D SPACE',''
  ) );
#2532 = ADVANCED_FACE('',(#2533),#1628,.F.);
#2533 = FACE_BOUND('',#2534,.F.);
#2534 = EDGE_LOOP('',(#2535,#2536,#2537,#2538));
#2535 = ORIENTED_EDGE('',*,*,#1613,.F.);
#2536 = ORIENTED_EDGE('',*,*,#2436,.F.);
#2537 = ORIENTED_EDGE('',*,*,#2488,.F.);
#2538 = ORIENTED_EDGE('',*,*,#2539,.T.);
#2539 = EDGE_CURVE('',#2489,#1582,#2540,.T.);
#2540 = SURFACE_CURVE('',#2541,(#2545,#2552),.PCURVE_S1.);
#2541 = LINE('',#2542,#2543);
#2542 = CARTESIAN_POINT('',(-1.9,-5.,5.));
#2543 = VECTOR('',#2544,1.);
#2544 = DIRECTION('',(0.,0.,1.));
#2545 = PCURVE('',#1628,#2546);
#2546 = DEFINITIONAL_REPRESENTATION('',(#2547),#2551);
#2547 = LINE('',#2548,#2549);
#2548 = CARTESIAN_POINT('',(0.,1.2));
#2549 = VECTOR('',#2550,1.);
#2550 = DIRECTION('',(1.,0.));
#2551 = ( GEOMETRIC_REPRESENTATION_CONTEXT(2) 
PARAMETRIC_REPRESENTATION_CONTEXT() REPRESENTATION_CONTEXT('2D SPACE',''
  ) );
#2552 = PCURVE('',#1598,#2553);
#2553 = DEFINITIONAL_REPRESENTATION('',(#2554),#2558);
#2554 = LINE('',#2555,#2556);
#2555 = CARTESIAN_POINT('',(0.,0.));
#2556 = VECTOR('',#2557,1.);
#2557 = DIRECTION('',(0.,1.));
#2558 = ( GEOMETRIC_REPRESENTATION_CONTEXT(2) 
PARAMETRIC_REPRESENTATION_CONTEXT() REPRESENTATION_CONTEXT('2D SPACE',''
  ) );
#2559 = ADVANCED_FACE('',(#2560),#1570,.T.);
#2560 = FACE_BOUND('',#2561,.T.);
#2561 = EDGE_LOOP('',(#2562,#2563,#2584));
#2562 = ORIENTED_EDGE('',*,*,#2462,.T.);
#2563 = ORIENTED_EDGE('',*,*,#2564,.T.);
#2564 = EDGE_CURVE('',#2463,#1556,#2565,.T.);
#2565 = SURFACE_CURVE('',#2566,(#2570,#2577),.PCURVE_S1.);
#2566 = LINE('',#2567,#2568);
#2567 = CARTESIAN_POINT('',(-3.1,-6.2,5.));
#2568 = VECTOR('',#2569,1.);
#2569 = DIRECTION('',(0.,0.,1.));
#2570 = PCURVE('',#1570,#2571);
#2571 = DEFINITIONAL_REPRESENTATION('',(#2572),#2576);
#2572 = LINE('',#2573,#2574);
#2573 = CARTESIAN_POINT('',(0.,-29.5));
#2574 = VECTOR('',#2575,1.);
#2575 = DIRECTION('',(1.,0.));
#2576 = ( GEOMETRIC_REPRESENTATION_CONTEXT(2) 
PARAMETRIC_REPRESENTATION_CONTEXT() REPRESENTATION_CONTEXT('2D SPACE',''
  ) );
#2577 = PCURVE('',#1598,#2578);
#2578 = DEFINITIONAL_REPRESENTATION('',(#2579),#2583);
#2579 = LINE('',#2580,#2581);
#2580 = CARTESIAN_POINT('',(1.570796326795,0.));
#2581 = VECTOR('',#2582,1.);
#2582 = DIRECTION('',(0.,1.));
#2583 = ( GEOMETRIC_REPRESENTATION_CONTEXT(2) 
PARAMETRIC_REPRESENTATION_CONTEXT() REPRESENTATION_CONTEXT('2D SPACE',''
  ) );
#2584 = ORIENTED_EDGE('',*,*,#1555,.F.);
#2585 = ADVANCED_FACE('',(#2586),#1598,.F.);
#2586 = FACE_BOUND('',#2587,.F.);
#2587 = EDGE_LOOP('',(#2588,#2589,#2590,#2591));
#2588 = ORIENTED_EDGE('',*,*,#2511,.T.);
#2589 = ORIENTED_EDGE('',*,*,#2564,.T.);
#2590 = ORIENTED_EDGE('',*,*,#1581,.F.);
#2591 = ORIENTED_EDGE('',*,*,#2539,.F.);
#2592 = ( GEOMETRIC_REPRESENTATION_CONTEXT(3) 
GLOBAL_UNCERTAINTY_ASSIGNED_CONTEXT((#2596)) 
GLOBAL_UNIT_ASSIGNED_CONTEXT((#2593,#2594,#2595)) REPRESENTATION_CONTEXT
('Context #1','3D Context with UNIT and UNCERTAINTY') );
#2593 = ( LENGTH_UNIT() NAMED_UNIT(*) SI_UNIT(.MILLI.,.METRE.) );
#2594 = ( NAMED_UNIT(*) PLANE_ANGLE_UNIT() SI_UNIT($,.RADIAN.) );
#2595 = ( NAMED_UNIT(*) SI_UNIT($,.STERADIAN.) SOLID_ANGLE_UNIT() );
#2596 = UNCERTAINTY_MEASURE_WITH_UNIT(LENGTH_MEASURE(1.E-05),#2593,
  'distance_accuracy_value','confusion accuracy');
#2597 = PRODUCT_RELATED_PRODUCT_CATEGORY('part',$,(#7));
ENDSEC;
END-ISO-10303-21;
